[{"model": "auth.permission", "pk": 1, "fields": {"name": "Can add log entry", "content_type": 1, "codename": "add_logentry"}}, {"model": "auth.permission", "pk": 2, "fields": {"name": "Can change log entry", "content_type": 1, "codename": "change_logentry"}}, {"model": "auth.permission", "pk": 3, "fields": {"name": "Can delete log entry", "content_type": 1, "codename": "delete_logentry"}}, {"model": "auth.permission", "pk": 4, "fields": {"name": "Can view log entry", "content_type": 1, "codename": "view_logentry"}}, {"model": "auth.permission", "pk": 5, "fields": {"name": "Can add permission", "content_type": 2, "codename": "add_permission"}}, {"model": "auth.permission", "pk": 6, "fields": {"name": "Can change permission", "content_type": 2, "codename": "change_permission"}}, {"model": "auth.permission", "pk": 7, "fields": {"name": "Can delete permission", "content_type": 2, "codename": "delete_permission"}}, {"model": "auth.permission", "pk": 8, "fields": {"name": "Can view permission", "content_type": 2, "codename": "view_permission"}}, {"model": "auth.permission", "pk": 9, "fields": {"name": "Can add group", "content_type": 3, "codename": "add_group"}}, {"model": "auth.permission", "pk": 10, "fields": {"name": "Can change group", "content_type": 3, "codename": "change_group"}}, {"model": "auth.permission", "pk": 11, "fields": {"name": "Can delete group", "content_type": 3, "codename": "delete_group"}}, {"model": "auth.permission", "pk": 12, "fields": {"name": "Can view group", "content_type": 3, "codename": "view_group"}}, {"model": "auth.permission", "pk": 13, "fields": {"name": "Can add user", "content_type": 4, "codename": "add_user"}}, {"model": "auth.permission", "pk": 14, "fields": {"name": "Can change user", "content_type": 4, "codename": "change_user"}}, {"model": "auth.permission", "pk": 15, "fields": {"name": "Can delete user", "content_type": 4, "codename": "delete_user"}}, {"model": "auth.permission", "pk": 16, "fields": {"name": "Can view user", "content_type": 4, "codename": "view_user"}}, {"model": "auth.permission", "pk": 17, "fields": {"name": "Can add content type", "content_type": 5, "codename": "add_contenttype"}}, {"model": "auth.permission", "pk": 18, "fields": {"name": "Can change content type", "content_type": 5, "codename": "change_contenttype"}}, {"model": "auth.permission", "pk": 19, "fields": {"name": "Can delete content type", "content_type": 5, "codename": "delete_contenttype"}}, {"model": "auth.permission", "pk": 20, "fields": {"name": "Can view content type", "content_type": 5, "codename": "view_contenttype"}}, {"model": "auth.permission", "pk": 21, "fields": {"name": "Can add session", "content_type": 6, "codename": "add_session"}}, {"model": "auth.permission", "pk": 22, "fields": {"name": "Can change session", "content_type": 6, "codename": "change_session"}}, {"model": "auth.permission", "pk": 23, "fields": {"name": "Can delete session", "content_type": 6, "codename": "delete_session"}}, {"model": "auth.permission", "pk": 24, "fields": {"name": "Can view session", "content_type": 6, "codename": "view_session"}}, {"model": "auth.permission", "pk": 25, "fields": {"name": "Can add Token", "content_type": 7, "codename": "add_token"}}, {"model": "auth.permission", "pk": 26, "fields": {"name": "Can change Token", "content_type": 7, "codename": "change_token"}}, {"model": "auth.permission", "pk": 27, "fields": {"name": "Can delete Token", "content_type": 7, "codename": "delete_token"}}, {"model": "auth.permission", "pk": 28, "fields": {"name": "Can view Token", "content_type": 7, "codename": "view_token"}}, {"model": "auth.permission", "pk": 29, "fields": {"name": "Can add Token", "content_type": 8, "codename": "add_tokenproxy"}}, {"model": "auth.permission", "pk": 30, "fields": {"name": "Can change Token", "content_type": 8, "codename": "change_tokenproxy"}}, {"model": "auth.permission", "pk": 31, "fields": {"name": "Can delete Token", "content_type": 8, "codename": "delete_tokenproxy"}}, {"model": "auth.permission", "pk": 32, "fields": {"name": "Can view Token", "content_type": 8, "codename": "view_tokenproxy"}}, {"model": "auth.permission", "pk": 33, "fields": {"name": "Can add site", "content_type": 9, "codename": "add_site"}}, {"model": "auth.permission", "pk": 34, "fields": {"name": "Can change site", "content_type": 9, "codename": "change_site"}}, {"model": "auth.permission", "pk": 35, "fields": {"name": "Can delete site", "content_type": 9, "codename": "delete_site"}}, {"model": "auth.permission", "pk": 36, "fields": {"name": "Can view site", "content_type": 9, "codename": "view_site"}}, {"model": "auth.permission", "pk": 37, "fields": {"name": "Can add email address", "content_type": 10, "codename": "add_emailaddress"}}, {"model": "auth.permission", "pk": 38, "fields": {"name": "Can change email address", "content_type": 10, "codename": "change_emailaddress"}}, {"model": "auth.permission", "pk": 39, "fields": {"name": "Can delete email address", "content_type": 10, "codename": "delete_emailaddress"}}, {"model": "auth.permission", "pk": 40, "fields": {"name": "Can view email address", "content_type": 10, "codename": "view_emailaddress"}}, {"model": "auth.permission", "pk": 41, "fields": {"name": "Can add email confirmation", "content_type": 11, "codename": "add_emailconfirmation"}}, {"model": "auth.permission", "pk": 42, "fields": {"name": "Can change email confirmation", "content_type": 11, "codename": "change_emailconfirmation"}}, {"model": "auth.permission", "pk": 43, "fields": {"name": "Can delete email confirmation", "content_type": 11, "codename": "delete_emailconfirmation"}}, {"model": "auth.permission", "pk": 44, "fields": {"name": "Can view email confirmation", "content_type": 11, "codename": "view_emailconfirmation"}}, {"model": "auth.permission", "pk": 45, "fields": {"name": "Can add social account", "content_type": 12, "codename": "add_socialaccount"}}, {"model": "auth.permission", "pk": 46, "fields": {"name": "Can change social account", "content_type": 12, "codename": "change_socialaccount"}}, {"model": "auth.permission", "pk": 47, "fields": {"name": "Can delete social account", "content_type": 12, "codename": "delete_socialaccount"}}, {"model": "auth.permission", "pk": 48, "fields": {"name": "Can view social account", "content_type": 12, "codename": "view_socialaccount"}}, {"model": "auth.permission", "pk": 49, "fields": {"name": "Can add social application", "content_type": 13, "codename": "add_socialapp"}}, {"model": "auth.permission", "pk": 50, "fields": {"name": "Can change social application", "content_type": 13, "codename": "change_socialapp"}}, {"model": "auth.permission", "pk": 51, "fields": {"name": "Can delete social application", "content_type": 13, "codename": "delete_socialapp"}}, {"model": "auth.permission", "pk": 52, "fields": {"name": "Can view social application", "content_type": 13, "codename": "view_socialapp"}}, {"model": "auth.permission", "pk": 53, "fields": {"name": "Can add social application token", "content_type": 14, "codename": "add_socialtoken"}}, {"model": "auth.permission", "pk": 54, "fields": {"name": "Can change social application token", "content_type": 14, "codename": "change_socialtoken"}}, {"model": "auth.permission", "pk": 55, "fields": {"name": "Can delete social application token", "content_type": 14, "codename": "delete_socialtoken"}}, {"model": "auth.permission", "pk": 56, "fields": {"name": "Can view social application token", "content_type": 14, "codename": "view_socialtoken"}}, {"model": "auth.permission", "pk": 57, "fields": {"name": "Can add comment", "content_type": 15, "codename": "add_comment"}}, {"model": "auth.permission", "pk": 58, "fields": {"name": "Can change comment", "content_type": 15, "codename": "change_comment"}}, {"model": "auth.permission", "pk": 59, "fields": {"name": "Can delete comment", "content_type": 15, "codename": "delete_comment"}}, {"model": "auth.permission", "pk": 60, "fields": {"name": "Can view comment", "content_type": 15, "codename": "view_comment"}}, {"model": "auth.permission", "pk": 61, "fields": {"name": "Can add follower", "content_type": 16, "codename": "add_follower"}}, {"model": "auth.permission", "pk": 62, "fields": {"name": "Can change follower", "content_type": 16, "codename": "change_follower"}}, {"model": "auth.permission", "pk": 63, "fields": {"name": "Can delete follower", "content_type": 16, "codename": "delete_follower"}}, {"model": "auth.permission", "pk": 64, "fields": {"name": "Can view follower", "content_type": 16, "codename": "view_follower"}}, {"model": "auth.permission", "pk": 65, "fields": {"name": "Can add like", "content_type": 17, "codename": "add_like"}}, {"model": "auth.permission", "pk": 66, "fields": {"name": "Can change like", "content_type": 17, "codename": "change_like"}}, {"model": "auth.permission", "pk": 67, "fields": {"name": "Can delete like", "content_type": 17, "codename": "delete_like"}}, {"model": "auth.permission", "pk": 68, "fields": {"name": "Can view like", "content_type": 17, "codename": "view_like"}}, {"model": "auth.permission", "pk": 69, "fields": {"name": "Can add personal record", "content_type": 18, "codename": "add_personalrecord"}}, {"model": "auth.permission", "pk": 70, "fields": {"name": "Can change personal record", "content_type": 18, "codename": "change_personalrecord"}}, {"model": "auth.permission", "pk": 71, "fields": {"name": "Can delete personal record", "content_type": 18, "codename": "delete_personalrecord"}}, {"model": "auth.permission", "pk": 72, "fields": {"name": "Can view personal record", "content_type": 18, "codename": "view_personalrecord"}}, {"model": "auth.permission", "pk": 73, "fields": {"name": "Can add post", "content_type": 19, "codename": "add_post"}}, {"model": "auth.permission", "pk": 74, "fields": {"name": "Can change post", "content_type": 19, "codename": "change_post"}}, {"model": "auth.permission", "pk": 75, "fields": {"name": "Can delete post", "content_type": 19, "codename": "delete_post"}}, {"model": "auth.permission", "pk": 76, "fields": {"name": "Can view post", "content_type": 19, "codename": "view_post"}}, {"model": "auth.permission", "pk": 77, "fields": {"name": "Can add profile", "content_type": 20, "codename": "add_profile"}}, {"model": "auth.permission", "pk": 78, "fields": {"name": "Can change profile", "content_type": 20, "codename": "change_profile"}}, {"model": "auth.permission", "pk": 79, "fields": {"name": "Can delete profile", "content_type": 20, "codename": "delete_profile"}}, {"model": "auth.permission", "pk": 80, "fields": {"name": "Can view profile", "content_type": 20, "codename": "view_profile"}}, {"model": "auth.user", "pk": 1, "fields": {"password": "pbkdf2_sha256$600000$FzknQFR2n7qfXEVkTBLoAF$NPbNwxsDkGND2kuvar07V3eMHCeEVoaZPNnbU3xqB+Q=", "last_login": "2024-12-05T09:17:03.862Z", "is_superuser": true, "username": "Queen", "first_name": "", "last_name": "", "email": "", "is_staff": true, "is_active": true, "date_joined": "2024-11-14T14:40:44.706Z", "groups": [], "user_permissions": []}}, {"model": "auth.user", "pk": 2, "fields": {"password": "pbkdf2_sha256$870000$g5RoI5Yek1lPGwzGJr1YlU$6qSz9IscLXGHemogrJo6av03o73v/UHy9uU69qsdovs=", "last_login": null, "is_superuser": false, "username": "Eva", "first_name": "", "last_name": "", "email": "sophie.tigerholm@gmail.com", "is_staff": false, "is_active": true, "date_joined": "2024-11-18T11:10:57.462Z", "groups": [], "user_permissions": []}}, {"model": "auth.user", "pk": 3, "fields": {"password": "pbkdf2_sha256$870000$uGoxobLltvQywkooUWLOSh$006anG8XOUzEeSWRL7ZtkJYDb7bFTsPGMaEiUsHNlwg=", "last_login": null, "is_superuser": false, "username": "Lasse", "first_name": "", "last_name": "", "email": "test@test.se", "is_staff": false, "is_active": true, "date_joined": "2024-11-18T11:21:11.508Z", "groups": [], "user_permissions": []}}, {"model": "auth.user", "pk": 4, "fields": {"password": "pbkdf2_sha256$870000$lijr9uzg4NioPOZEG7EiXK$0HfwdJXOtKhw1EIgsKkGHsop4agMMedl/7L4HHbGqFI=", "last_login": null, "is_superuser": false, "username": "Lisa", "first_name": "", "last_name": "", "email": "lisa@email.se", "is_staff": false, "is_active": true, "date_joined": "2024-11-18T11:30:13.380Z", "groups": [], "user_permissions": []}}, {"model": "auth.user", "pk": 5, "fields": {"password": "pbkdf2_sha256$870000$AbtqJ4skHLBKDJyDyz8nWx$zEUmg1B/S62FLFrv6tSx6Wmru489ZS4aE+XjZhWP7uo=", "last_login": null, "is_superuser": false, "username": "Micke", "first_name": "", "last_name": "", "email": "mucke@email.com", "is_staff": false, "is_active": true, "date_joined": "2024-11-18T12:46:53.232Z", "groups": [], "user_permissions": []}}, {"model": "auth.user", "pk": 6, "fields": {"password": "pbkdf2_sha256$870000$ct7ndLsgSAmyVCu1Hi9GqO$TxSEYgfTrwmWiF9JCkTvT3eMeoH5FU72oGUVOddpEPY=", "last_login": null, "is_superuser": false, "username": "Tim", "first_name": "", "last_name": "", "email": "tim@email.com", "is_staff": false, "is_active": true, "date_joined": "2024-11-18T13:01:48.981Z", "groups": [], "user_permissions": []}}, {"model": "auth.user", "pk": 7, "fields": {"password": "pbkdf2_sha256$870000$KetfzWCnAY065gqqVkIkVr$WctpolaICrGqx/aCJHQLBmtbJD9B0pmGQhoKApTq/2M=", "last_login": "2024-11-18T13:30:29.821Z", "is_superuser": false, "username": "test", "first_name": "", "last_name": "", "email": "", "is_staff": false, "is_active": true, "date_joined": "2024-11-18T13:30:29.178Z", "groups": [], "user_permissions": []}}, {"model": "auth.user", "pk": 8, "fields": {"password": "pbkdf2_sha256$870000$pQbxfkkJx0t8UB8MImWi07$eKfmw7RECVG8VpLpG/Pghhg6D+t2QMoVAZW1yV3IMSI=", "last_login": null, "is_superuser": false, "username": "Ada", "first_name": "", "last_name": "", "email": "ada@gmail.com", "is_staff": false, "is_active": true, "date_joined": "2024-11-18T13:30:35.995Z", "groups": [], "user_permissions": []}}, {"model": "auth.user", "pk": 9, "fields": {"password": "pbkdf2_sha256$870000$fr6imqo8THRAu7ov5qcoH0$yPKFIT9bVfSY0qZ+vKoDXu4x4C71zuZxCoJsGmiArFE=", "last_login": null, "is_superuser": false, "username": "test123", "first_name": "", "last_name": "", "email": "test@test.com", "is_staff": false, "is_active": true, "date_joined": "2024-11-18T13:32:05.583Z", "groups": [], "user_permissions": []}}, {"model": "auth.user", "pk": 10, "fields": {"password": "pbkdf2_sha256$600000$WmZ45k4hwcuGCs3yLmqLzd$Z0RJmW+WoimV/yiMTu1wEMUS76eionujMI6NXqFh2Hg=", "last_login": "2024-12-05T09:11:39.329Z", "is_superuser": false, "username": "Toomy", "first_name": "", "last_name": "", "email": "tommy@email.se", "is_staff": false, "is_active": true, "date_joined": "2024-11-18T13:41:48.442Z", "groups": [], "user_permissions": []}}, {"model": "auth.user", "pk": 11, "fields": {"password": "pbkdf2_sha256$600000$Cft5WxOPqPsOIt0XG0oTVq$zDvaPlchpVJqIJJ36zxUQVH3gCpZ0n2ycwJgfCnEEcg=", "last_login": "2024-12-09T08:20:31.128Z", "is_superuser": false, "username": "King", "first_name": "", "last_name": "", "email": "", "is_staff": false, "is_active": true, "date_joined": "2024-11-20T14:55:53.841Z", "groups": [], "user_permissions": []}}, {"model": "auth.user", "pk": 12, "fields": {"password": "pbkdf2_sha256$600000$xLMlxJD61m99gi51hXDl5q$eBLFHN3ZrclOE6hh4xlAkH0c4kOpHqH5LnPRE8RuE34=", "last_login": "2024-11-28T10:01:34.470Z", "is_superuser": false, "username": "test123test", "first_name": "", "last_name": "", "email": "", "is_staff": false, "is_active": true, "date_joined": "2024-11-28T10:01:26.882Z", "groups": [], "user_permissions": []}}, {"model": "auth.user", "pk": 13, "fields": {"password": "pbkdf2_sha256$600000$xM6VMl9YBhNARJhAnnSWwE$fOW7SOzWchxdnZ+ZbaWFFDMMraQzf6F4ZoC9/pM1o9w=", "last_login": "2024-12-13T10:38:45.450Z", "is_superuser": false, "username": "Tigern", "first_name": "", "last_name": "", "email": "", "is_staff": false, "is_active": true, "date_joined": "2024-12-02T13:53:44.995Z", "groups": [], "user_permissions": []}}, {"model": "auth.user", "pk": 14, "fields": {"password": "pbkdf2_sha256$600000$62eGixJ9DS7ck0HBpsKiPg$kgVeg8tn+kJB6sTui/fj6rW/huA4mFIfveHpaHzkZpg=", "last_login": "2024-12-04T13:23:14.207Z", "is_superuser": false, "username": "spence", "first_name": "", "last_name": "", "email": "sbarriball@me.com", "is_staff": false, "is_active": true, "date_joined": "2024-12-04T12:41:30.372Z", "groups": [], "user_permissions": []}}, {"model": "auth.user", "pk": 15, "fields": {"password": "pbkdf2_sha256$600000$B4V36Wo3vAzbm5mLkx77Tf$eGuYosR6Pulennjakv5ElqWhm+SHMVhliLl54p7HdtU=", "last_login": "2024-12-13T10:22:04.712Z", "is_superuser": false, "username": "Hippie", "first_name": "", "last_name": "", "email": "", "is_staff": false, "is_active": true, "date_joined": "2024-12-05T09:03:04.922Z", "groups": [], "user_permissions": []}}, {"model": "auth.user", "pk": 16, "fields": {"password": "pbkdf2_sha256$600000$bsUpLzxlN9WzAsv6xjy8n0$oZ7xASDpST0zgW29K3nERbD5a1RMksNjiEmyj7LucoY=", "last_login": "2024-12-09T08:18:45.068Z", "is_superuser": false, "username": "Hulk", "first_name": "", "last_name": "", "email": "", "is_staff": false, "is_active": true, "date_joined": "2024-12-05T09:10:20.835Z", "groups": [], "user_permissions": []}}, {"model": "auth.user", "pk": 17, "fields": {"password": "pbkdf2_sha256$600000$jisYAfvDayhbvUOwrInS9f$Na9lkLgiME4IL0G4ZCipoThONc2aQ0057wqznP9ng3Y=", "last_login": "2024-12-11T08:05:41.838Z", "is_superuser": true, "username": "Admin1", "first_name": "", "last_name": "", "email": "", "is_staff": true, "is_active": true, "date_joined": "2024-12-11T08:05:25.059Z", "groups": [], "user_permissions": []}}, {"model": "auth.user", "pk": 18, "fields": {"password": "pbkdf2_sha256$600000$Js90ZkvSuv8FwropZfzJtC$pEuN+9JAdU3GxJC7LL0U7wYJRLFpsR78NbqhPqrPiLI=", "last_login": "2024-12-11T10:45:43.815Z", "is_superuser": false, "username": "test2", "first_name": "", "last_name": "", "email": "", "is_staff": false, "is_active": true, "date_joined": "2024-12-11T10:45:38.377Z", "groups": [], "user_permissions": []}}, {"model": "auth.user", "pk": 19, "fields": {"password": "pbkdf2_sha256$600000$cHtnh682OMau4jhrRVOjJx$gfL3ouO/MZf20tx1Dx4xyaiFHIYNy4EWRzC5Q4it0eY=", "last_login": "2024-12-11T11:10:48.289Z", "is_superuser": false, "username": "test3", "first_name": "", "last_name": "", "email": "", "is_staff": false, "is_active": true, "date_joined": "2024-12-11T10:46:07.355Z", "groups": [], "user_permissions": []}}, {"model": "auth.user", "pk": 20, "fields": {"password": "pbkdf2_sha256$600000$MeJe3129x65OtKRuhAOj41$OzKAeHlAV1HkqCotAN1tl6gI7vp+qh6147jNnB/T0gw=", "last_login": "2024-12-12T14:18:29.532Z", "is_superuser": false, "username": "Trollet", "first_name": "", "last_name": "", "email": "", "is_staff": false, "is_active": true, "date_joined": "2024-12-12T14:18:28.888Z", "groups": [], "user_permissions": []}}, {"model": "auth.user", "pk": 21, "fields": {"password": "pbkdf2_sha256$600000$0DEJz6ADMgHDRDujytIedT$eO7vVkw7SYbs3f8/EIbFl7LJwU/KVdcWc9czziNtK9g=", "last_login": "2024-12-12T14:30:34.938Z", "is_superuser": false, "username": "Trillis", "first_name": "", "last_name": "", "email": "", "is_staff": false, "is_active": true, "date_joined": "2024-12-12T14:30:09.720Z", "groups": [], "user_permissions": []}}, {"model": "auth.user", "pk": 22, "fields": {"password": "pbkdf2_sha256$600000$azLCQo9UncDrrELqv55z7h$2SL5f/3ajLK0O7K2AyI/t5c7XB1NzP+3O3HzGXWzbpw=", "last_login": "2024-12-13T12:21:53.243Z", "is_superuser": false, "username": "Pelle", "first_name": "", "last_name": "", "email": "", "is_staff": false, "is_active": true, "date_joined": "2024-12-13T12:21:52.790Z", "groups": [], "user_permissions": []}}, {"model": "auth.user", "pk": 23, "fields": {"password": "pbkdf2_sha256$600000$QxwJ7AGfBsz2ZrmUbX7J0U$b57UGVWCpdvFselHBcWVnhhLBADG1YLsQERISJWcxdE=", "last_login": "2024-12-13T12:23:46.641Z", "is_superuser": false, "username": "PellePlutt", "first_name": "", "last_name": "", "email": "", "is_staff": false, "is_active": true, "date_joined": "2024-12-13T12:23:28.928Z", "groups": [], "user_permissions": []}}, {"model": "contenttypes.contenttype", "pk": 1, "fields": {"app_label": "admin", "model": "logentry"}}, {"model": "contenttypes.contenttype", "pk": 2, "fields": {"app_label": "auth", "model": "permission"}}, {"model": "contenttypes.contenttype", "pk": 3, "fields": {"app_label": "auth", "model": "group"}}, {"model": "contenttypes.contenttype", "pk": 4, "fields": {"app_label": "auth", "model": "user"}}, {"model": "contenttypes.contenttype", "pk": 5, "fields": {"app_label": "contenttypes", "model": "contenttype"}}, {"model": "contenttypes.contenttype", "pk": 6, "fields": {"app_label": "sessions", "model": "session"}}, {"model": "contenttypes.contenttype", "pk": 7, "fields": {"app_label": "authtoken", "model": "token"}}, {"model": "contenttypes.contenttype", "pk": 8, "fields": {"app_label": "authtoken", "model": "tokenproxy"}}, {"model": "contenttypes.contenttype", "pk": 9, "fields": {"app_label": "sites", "model": "site"}}, {"model": "contenttypes.contenttype", "pk": 10, "fields": {"app_label": "account", "model": "emailaddress"}}, {"model": "contenttypes.contenttype", "pk": 11, "fields": {"app_label": "account", "model": "emailconfirmation"}}, {"model": "contenttypes.contenttype", "pk": 12, "fields": {"app_label": "socialaccount", "model": "socialaccount"}}, {"model": "contenttypes.contenttype", "pk": 13, "fields": {"app_label": "socialaccount", "model": "socialapp"}}, {"model": "contenttypes.contenttype", "pk": 14, "fields": {"app_label": "socialaccount", "model": "socialtoken"}}, {"model": "contenttypes.contenttype", "pk": 15, "fields": {"app_label": "comments", "model": "comment"}}, {"model": "contenttypes.contenttype", "pk": 16, "fields": {"app_label": "followers", "model": "follower"}}, {"model": "contenttypes.contenttype", "pk": 17, "fields": {"app_label": "likes", "model": "like"}}, {"model": "contenttypes.contenttype", "pk": 18, "fields": {"app_label": "personalrecords", "model": "personalrecord"}}, {"model": "contenttypes.contenttype", "pk": 19, "fields": {"app_label": "posts", "model": "post"}}, {"model": "contenttypes.contenttype", "pk": 20, "fields": {"app_label": "profiles", "model": "profile"}}, {"model": "sessions.session", "pk": "03z2b05i7tl7lpk4rurtwyo6smxlk2vc", "fields": {"session_data": ".eJxVjDsOwyAQBe9CHaHFYFhSpvcZ0PILTiKQjF1FuXtsyUXSvpl5b-ZoW4vbelrcHNmVCcEuv6On8Ez1IPFB9d54aHVdZs8PhZ-086nF9Lqd7t9BoV72GsEYUMILUEEaAgSNNgSBYyKfjSKBGmjImAdlE8ocQWc57shbaX1mny_e4Des:1tI2Gy:hOuY4m3yVec-ePYm-hZCq6jXvCAqJHKuYXbrQLL1WB0", "expire_date": "2024-12-16T08:59:16.722Z"}}, {"model": "sessions.session", "pk": "060a3ak866u9lmi03u8a3nup5jv1y3wg", "fields": {"session_data": ".eJxVjEEOgjAQRe_StWk6lpbi0j1nIDPMjKCmTSisjHdXEha6_e-9_zIDbus0bFWWYWZzMeDN6XckHB-Sd8J3zLdix5LXZSa7K_ag1faF5Xk93L-DCev0raNXUj63PgpQQEjOdW2S2KkoMLakkCJrExOAA-ooBY_ahMDqAhKY9wcPTjg5:1tI6xZ:tVKpj9GzJygosS3dPUlEd1ABEsUznQk2nvnDH8rhDhw", "expire_date": "2024-12-16T13:59:33.682Z"}}, {"model": "sessions.session", "pk": "0w4h8eyko5g9pvkxoyv1hwag4480c7st", "fields": {"session_data": ".eJxVjEEOwiAQAP_C2RBdoIBH730DWdhFqgaS0p6MfzckPeh1ZjJvEXDfStg7r2EhcRWXszj9wojpyXUYemC9N5la3dYlypHIw3Y5N-LX7Wj_BgV7GV9M4I0BlSBqp7UnryxxzikrQtBJRTQmE6NDqzl6P0VAyx6cVpgn8fkCGSk40Q:1tDQ84:J93lkYURGf0rIcFComGkwhXQWzR51GQT4NAmU91AHfg", "expire_date": "2024-12-03T15:27:00.302Z"}}, {"model": "sessions.session", "pk": "0xjutthma5ma64avdd5qmo58s0ovqppj", "fields": {"session_data": ".eJxVjEEOwiAQAP_C2RBdoIBH730DWdhFqgaS0p6MfzckPeh1ZjJvEXDfStg7r2EhcRWXszj9wojpyXUYemC9N5la3dYlypHIw3Y5N-LX7Wj_BgV7GV9M4I0BlSBqp7UnryxxzikrQtBJRTQmE6NDqzl6P0VAyx6cVpgn8fkCGSk40Q:1tFsW7:lB-WCpNulTuwJRVUQaLyRo34hR_sXqH-jqcP63UCoQ8", "expire_date": "2024-12-10T10:09:59.255Z"}}, {"model": "sessions.session", "pk": "2gd63mzyvmht8fcqp72mnyuo8ta06z5b", "fields": {"session_data": ".eJxVjEEOgjAQRe_StWk6lpbi0j1nIDPMjKCmTSisjHdXEha6_e-9_zIDbus0bFWWYWZzMeDN6XckHB-Sd8J3zLdix5LXZSa7K_ag1faF5Xk93L-DCev0raNXUj63PgpQQEjOdW2S2KkoMLakkCJrExOAA-ooBY_ahMDqAhKY9wcPTjg5:1tI6ue:VFt1l-Ssv26gBTAG8x15_S3pFzZl07xL9TOn0I-VaUk", "expire_date": "2024-12-16T13:56:32.465Z"}}, {"model": "sessions.session", "pk": "2iem35rqq7959pcwm0dvyho1vx832oxg", "fields": {"session_data": ".eJxVjMEOwiAQBf-FsyFQKJQevfsNZBe2FkVI2uLF-O_apJde38y8D4MQaiubf9OSpkTR0wtSZmNpOV-Yh7bNvq20-BTZyOTATiNCeFLZSXxAuVceatmWhHxX-EFXfquR8vVwTwczrPO_Vpq6aKUzPUZCEoMTqpMDSIsOlTVd0I6MDgI0GoyCJmVdADvZKDViz74_YPZDnw:1tLKDr:60k5Wk8rXyvG28QgVfeCrkUFA89yHN6cyX6w7PMrvAs", "expire_date": "2024-12-25T10:45:39.027Z"}}, {"model": "sessions.session", "pk": "3d6525vitmd6b2zfan7r8ygk3x6jng14", "fields": {"session_data": ".eJxVjEEOgjAQRe_StWk6lpbi0j1nIDPMjKCmTSisjHdXEha6_e-9_zIDbus0bFWWYWZzMeDN6XckHB-Sd8J3zLdix5LXZSa7K_ag1faF5Xk93L-DCev0raNXUj63PgpQQEjOdW2S2KkoMLakkCJrExOAA-ooBY_ahMDqAhKY9wcPTjg5:1tM1jS:L4Y_2JQHF48M9pp8VqRqd62X6UE9o1rNq5E3aG72JkU", "expire_date": "2024-12-27T09:13:10.450Z"}}, {"model": "sessions.session", "pk": "3p84a2hz0hpwctv9gcmtzmq6mzis8h3f", "fields": {"session_data": ".eJxVjEEOwiAQAP_C2RBdoIBH730DWdhFqgaS0p6MfzckPeh1ZjJvEXDfStg7r2EhcRWXszj9wojpyXUYemC9N5la3dYlypHIw3Y5N-LX7Wj_BgV7GV9M4I0BlSBqp7UnryxxzikrQtBJRTQmE6NDqzl6P0VAyx6cVpgn8fkCGSk40Q:1tJ7ph:kEG4piiVTGmCR5PAAEggUyFBJZAsRFSEnAQWF-0wmfk", "expire_date": "2024-12-19T09:07:37.138Z"}}, {"model": "sessions.session", "pk": "3pflqly9n5dh4ptj1im6s5evvky3p1a5", "fields": {"session_data": ".eJxVjDsOwyAQBe9CHaHFYFhSpvcZ0PILTiKQjF1FuXtsyUXSvpl5b-ZoW4vbelrcHNmVCcEuv6On8Ez1IPFB9d54aHVdZs8PhZ-086nF9Lqd7t9BoV72GsEYUMILUEEaAgSNNgSBYyKfjSKBGmjImAdlE8ocQWc57shbaX1mny_e4Des:1tGZWe:tZGprn8z5yE0WqQGI80laCb9bzTpqfgy7U_tZfHIRno", "expire_date": "2024-12-12T08:05:24.889Z"}}, {"model": "sessions.session", "pk": "3to9s2gbs5eguatbzeco102nui0cu9nx", "fields": {"session_data": ".eJxVjDsOwjAQBe_iGlnr_5qSnjNYXn9wADlSnFSIu0OkFNC-mXkvFuK2trCNsoQpszMTmp1-R4rpUfpO8j3228zT3NdlIr4r_KCDX-dcnpfD_TtocbRv7Wy1gE46n4zJqiIIEKmgRkFGkUVR0HofRUVpQFVFZHQ1ksD5qEGz9wfXqTbE:1tIpKN:PlpUV52WWAlrjA7tmvutKyHVqxwb6n7ilILw5df0k00", "expire_date": "2024-12-18T13:22:03.825Z"}}, {"model": "sessions.session", "pk": "4454wmd4ejrbquodry48elkkck570qqx", "fields": {"session_data": ".eJxVjEEOgjAQRe_StWk6lpbi0j1nIDPMjKCmTSisjHdXEha6_e-9_zIDbus0bFWWYWZzMeDN6XckHB-Sd8J3zLdix5LXZSa7K_ag1faF5Xk93L-DCev0raNXUj63PgpQQEjOdW2S2KkoMLakkCJrExOAA-ooBY_ahMDqAhKY9wcPTjg5:1tI75f:jP6zgvJOdITjKTNDBD56hEOWvXHJ_nwjwnlTAhGXm_k", "expire_date": "2024-12-16T14:07:55.643Z"}}, {"model": "sessions.session", "pk": "495fxml5gvwhimwfopndbit588pqkt3g", "fields": {"session_data": ".eJxVjEEOwiAQAP_C2RBdoIBH730DWdhFqgaS0p6MfzckPeh1ZjJvEXDfStg7r2EhcRWXszj9wojpyXUYemC9N5la3dYlypHIw3Y5N-LX7Wj_BgV7GV9M4I0BlSBqp7UnryxxzikrQtBJRTQmE6NDqzl6P0VAyx6cVpgn8fkCGSk40Q:1tGfPv:3pW0Lxj8vihS8uhDyHX3Wu_a7dnOIfKKVYrz38kPt3g", "expire_date": "2024-12-12T14:22:51.496Z"}}, {"model": "sessions.session", "pk": "4be8okt0b09f4b2yhl1z7soyjuxcmo5i", "fields": {"session_data": ".eJxVjEEOwiAQAP_C2RBdoIBH730DWdhFqgaS0p6MfzckPeh1ZjJvEXDfStg7r2EhcRWXszj9wojpyXUYemC9N5la3dYlypHIw3Y5N-LX7Wj_BgV7GV9M4I0BlSBqp7UnryxxzikrQtBJRTQmE6NDqzl6P0VAyx6cVpgn8fkCGSk40Q:1tDNgw:nh6IOd_b_3Nc-FJ9z8iyOYppz6EJ6KWnyQ25tkwwqDg", "expire_date": "2024-12-03T12:50:50.038Z"}}, {"model": "sessions.session", "pk": "4f4qfnk7o63mujaflbtgy3kjv9b2zbme", "fields": {"session_data": ".eJxVjEEOgjAQRe_StWk6lpbi0j1nIDPMjKCmTSisjHdXEha6_e-9_zIDbus0bFWWYWZzMeDN6XckHB-Sd8J3zLdix5LXZSa7K_ag1faF5Xk93L-DCev0raNXUj63PgpQQEjOdW2S2KkoMLakkCJrExOAA-ooBY_ahMDqAhKY9wcPTjg5:1tKw5I:HoLpFwyAPiSqdMie4cHwSaLLvQbf3HIu1p2IMy-RJIk", "expire_date": "2024-12-24T08:59:12.265Z"}}, {"model": "sessions.session", "pk": "4hicngbpt2bs56svgilgkvo2zcouf4m8", "fields": {"session_data": ".eJxVjDsOwyAQBe9CHaHFYFhSpvcZ0PILTiKQjF1FuXtsyUXSvpl5b-ZoW4vbelrcHNmVCcEuv6On8Ez1IPFB9d54aHVdZs8PhZ-086nF9Lqd7t9BoV72GsEYUMILUEEaAgSNNgSBYyKfjSKBGmjImAdlE8ocQWc57shbaX1mny_e4Des:1tIlvD:xmAN7ftCPCs2-gBWSyhI94qNfAp010wqyZzazopl9vQ", "expire_date": "2024-12-18T09:43:51.639Z"}}, {"model": "sessions.session", "pk": "4o8o0z1x473sbqd3qev0o9f54i7s4sgk", "fields": {"session_data": ".eJxVjMsOwiAQRf-FtSEwdoC6dN9vIDM8pGogKe3K-O_apAvd3nPOfQlP21r81tPi5yguQqM4_Y5M4ZHqTuKd6q3J0Oq6zCx3RR60y6nF9Lwe7t9BoV6-dcbsKKPR1mAezhatUtEApEGzI3TZACplWLO2ISeGCCM5CBhZJRNG8f4A8sY31w:1tLIqs:tf8f6IDQJ-npjhMqVdWlWDKxrxW9jqQm4YEw3VFZLfk", "expire_date": "2024-12-25T09:17:50.158Z"}}, {"model": "sessions.session", "pk": "4vtgy4tquw2gq66ay2dyzuanxb7q1dng", "fields": {"session_data": ".eJxVjM0OwiAQhN-FsyGsEH48evcZyC4sUjWQlPZkfHfbpAe9Teb7Zt4i4rrUuA6e45TFRYA4_XaE6cltB_mB7d5l6m2ZJ5K7Ig865K1nfl0P9--g4qjbWmPweHZJO8-awUPJrJP2LpAyWzSQFZBytvhEYAsFS6ZABp9AoTbi8wXgEDfK:1tIomp:rXRX53ikCWZnAJoCuDlhQJzvULy1MOa7UxGmV4lP9Mo", "expire_date": "2024-12-18T12:47:23.576Z"}}, {"model": "sessions.session", "pk": "5274ue7p2xve5bmxglw2fiw07a51rlyn", "fields": {"session_data": ".eJxVjMsOwiAQRf-FtSEwdoC6dN9vIDM8pGogKe3K-O_apAvd3nPOfQlP21r81tPi5yguQqM4_Y5M4ZHqTuKd6q3J0Oq6zCx3RR60y6nF9Lwe7t9BoV6-dcbsKKPR1mAezhatUtEApEGzI3TZACplWLO2ISeGCCM5CBhZJRNG8f4A8sY31w:1tKZ72:wrkSueT8tIxF7P_8dRq5pGpbN2TWUbRRdNQO-NreFHQ", "expire_date": "2024-12-23T08:27:28.652Z"}}, {"model": "sessions.session", "pk": "57p8ds447nzvpdw3f4b3j0p6k01u4c1a", "fields": {"session_data": ".eJxVjDsOwyAQBe9CHaHFYFhSpvcZ0PILTiKQjF1FuXtsyUXSvpl5b-ZoW4vbelrcHNmVCcEuv6On8Ez1IPFB9d54aHVdZs8PhZ-086nF9Lqd7t9BoV72GsEYUMILUEEaAgSNNgSBYyKfjSKBGmjImAdlE8ocQWc57shbaX1mny_e4Des:1tGgLd:uYj8-0nDYas6LVmulQLdDZQTykhASAwUuhCZ970gdL8", "expire_date": "2024-12-12T15:22:29.284Z"}}, {"model": "sessions.session", "pk": "58j9hfvjkye9irxukumzbuwwmujcvvkf", "fields": {"session_data": ".eJxVjDsOwyAQBe9CHaHFYFhSpvcZ0PILTiKQjF1FuXtsyUXSvpl5b-ZoW4vbelrcHNmVCcEuv6On8Ez1IPFB9d54aHVdZs8PhZ-086nF9Lqd7t9BoV72GsEYUMILUEEaAgSNNgSBYyKfjSKBGmjImAdlE8ocQWc57shbaX1mny_e4Des:1tI2SY:NvPsvO_X86cD6NGMeS5xAFDqtRA0y5MkwDhXig40M9A", "expire_date": "2024-12-16T09:11:14.256Z"}}, {"model": "sessions.session", "pk": "5lzfbde96xu962wo77f1ohax2j73osd3", "fields": {"session_data": ".eJxVjDsOwyAQBe9CHaHFYFhSpvcZ0PILTiKQjF1FuXtsyUXSvpl5b-ZoW4vbelrcHNmVCcEuv6On8Ez1IPFB9d54aHVdZs8PhZ-086nF9Lqd7t9BoV72GsEYUMILUEEaAgSNNgSBYyKfjSKBGmjImAdlE8ocQWc57shbaX1mny_e4Des:1tFTzx:qbY3Si9UlKPuC_DBzPP3bVmqmBU4ahCyrv_4Th1VTBc", "expire_date": "2024-12-09T07:59:09.755Z"}}, {"model": "sessions.session", "pk": "616vld3rffcnp57o3bkykzkou0xupqlt", "fields": {"session_data": ".eJxVjM0OwiAQhN-FsyGsEH48evcZyC4sUjWQlPZkfHfbpAe9Teb7Zt4i4rrUuA6e45TFRYA4_XaE6cltB_mB7d5l6m2ZJ5K7Ig865K1nfl0P9--g4qjbWmPweHZJO8-awUPJrJP2LpAyWzSQFZBytvhEYAsFS6ZABp9AoTbi8wXgEDfK:1tE4YF:FzERfVe3WQ44XOh-2LOvWw6_46PMySqKQV4EPwEXnio", "expire_date": "2024-12-05T10:36:43.339Z"}}, {"model": "sessions.session", "pk": "6f0ewjvgxt973ajpedj914ex8hgv7xy4", "fields": {"session_data": ".eJxVjDsOwjAQBe_iGlnr_5qSnjNYXn9wADlSnFSIu0OkFNC-mXkvFuK2trCNsoQpszMTmp1-R4rpUfpO8j3228zT3NdlIr4r_KCDX-dcnpfD_TtocbRv7Wy1gE46n4zJqiIIEKmgRkFGkUVR0HofRUVpQFVFZHQ1ksD5qEGz9wfXqTbE:1tIohG:MfsuAKqfveEFtjCHXdF6pEMhlFc2iIqrhd0pDW7c0fk", "expire_date": "2024-12-18T12:41:38.866Z"}}, {"model": "sessions.session", "pk": "79iy3anzq88o2yh6t0ctjjeuzjnumr2v", "fields": {"session_data": ".eJxVjEEOgjAQRe_StWk6lpbi0j1nIDPMjKCmTSisjHdXEha6_e-9_zIDbus0bFWWYWZzMeDN6XckHB-Sd8J3zLdix5LXZSa7K_ag1faF5Xk93L-DCev0raNXUj63PgpQQEjOdW2S2KkoMLakkCJrExOAA-ooBY_ahMDqAhKY9wcPTjg5:1tI6v4:KZgKTKCEX0QQTgUqF-3FOt0LZEqX7q59xbXFU5D7ErY", "expire_date": "2024-12-16T13:56:58.881Z"}}, {"model": "sessions.session", "pk": "7i4to9i99hl4efjzxcwwnarbx1uu2thp", "fields": {"session_data": ".eJxVjEEOwiAQRe_C2pCZFgq4dO8ZyAxDpGogKe3KeHdt0oVu_3vvv1SkbS1x63mJs6izQlCn35EpPXLdidyp3ppOra7LzHpX9EG7vjbJz8vh_h0U6uVb2ylBHsHR4EhQ3MQGKDgWNH4MiCNQRvQOxFoCAM_BIrChYFOgAdX7A-UaNuo:1tDM6d:Pd4qeIbnHFqeFSkRUrOCRd90lx7qxrVSMeRKkmb7SFE", "expire_date": "2024-12-03T11:09:15.865Z"}}, {"model": "sessions.session", "pk": "83f2kgpic1z7vias954df2phft7wf4md", "fields": {"session_data": ".eJxVjMsOwiAUBf-FtWmgvLt07zeQC1wsipC0xY3x37VJN92emTkfAiG0Xjf3xiWnjNHhC3IhU-2lXIiDvs2ur7i4HMlEmCCn0UN4Yt1JfEC9tyG0ui3ZD7syHHQdbi1iuR7u6WCGdf7XWiVFjR61DVJGngxllAU0wjAvuVeGoVHWAktmlJQn7r0USY6eaguCCvL9ATd5Qio:1tIoh9:mwNj0iARd3FZ-51pGDTPREWxKr_bFpAPj1vF6wEGxvs", "expire_date": "2024-12-18T12:41:31.078Z"}}, {"model": "sessions.session", "pk": "847h4qw25tcr2707m3zqpjyv8enhxrlz", "fields": {"session_data": ".eJxVjM0OwiAQhN-FsyGsEH48evcZyC4sUjWQlPZkfHfbpAe9Teb7Zt4i4rrUuA6e45TFRYA4_XaE6cltB_mB7d5l6m2ZJ5K7Ig865K1nfl0P9--g4qjbWmPweHZJO8-awUPJrJP2LpAyWzSQFZBytvhEYAsFS6ZABp9AoTbi8wXgEDfK:1tEPgC:ilwDXHsNuTCHNfqdUgLsOXL6NX3zkhAms682IJvSQkE", "expire_date": "2024-12-06T09:10:20.464Z"}}, {"model": "sessions.session", "pk": "875pdbtiuipzbri228902uev33c5vvl2", "fields": {"session_data": ".eJxVjEEOwiAQAP_C2RBdoIBH730DWdhFqgaS0p6MfzckPeh1ZjJvEXDfStg7r2EhcRWXszj9wojpyXUYemC9N5la3dYlypHIw3Y5N-LX7Wj_BgV7GV9M4I0BlSBqp7UnryxxzikrQtBJRTQmE6NDqzl6P0VAyx6cVpgn8fkCGSk40Q:1tFtbC:x2v5dMSAhJ3TYZBDdYAvQ3bdx31P9rcSGG50LCHJUJQ", "expire_date": "2024-12-10T11:19:18.408Z"}}, {"model": "sessions.session", "pk": "8sy85wf32jbifuu0ebxn83pngff73n8d", "fields": {"session_data": ".eJxVjMsOwiAQRf-FtSEwdoC6dN9vIDM8pGogKe3K-O_apAvd3nPOfQlP21r81tPi5yguQqM4_Y5M4ZHqTuKd6q3J0Oq6zCx3RR60y6nF9Lwe7t9BoV6-dcbsKKPR1mAezhatUtEApEGzI3TZACplWLO2ISeGCCM5CBhZJRNG8f4A8sY31w:1tKYeZ:QNTOe-5QqxpE7rdUSoWwiA8nddZCi8AzvhnDa3YMnDI", "expire_date": "2024-12-23T07:58:03.227Z"}}, {"model": "sessions.session", "pk": "930bzejidsg3px9hj2of5nvobnz51yc6", "fields": {"session_data": ".eJxljEEOgjAQRe_SNWlaShlw6d4zNNPpIFVsE6BujHdXDDExbt97_z8EEuWSVnfnOQ6Rg-MbxkkcUpmm6mvLwrM4CBCVcFjW8QNcDP_MI105bSJcMJ2zpJzWOXq5JXK3izzlwNNxb38ORlzG97pXFg3wUKuOe2isDcpAQNNx1yEAIXiNYdC2JlC-VVrbtmk9EfLQ9wbE8wVtu0lG:1tD1pl:iPMz4Ir1PS-Oc4M3qjSisOtGTj1mJ-oM9Sji0uS81Ho", "expire_date": "2024-12-02T13:30:29.975Z"}}, {"model": "sessions.session", "pk": "992vfwq7jf7notfo71i15bo17bodxs2z", "fields": {"session_data": ".eJxVjDsOwyAQBe9CHaHFYFhSpvcZ0PILTiKQjF1FuXtsyUXSvpl5b-ZoW4vbelrcHNmVCcEuv6On8Ez1IPFB9d54aHVdZs8PhZ-086nF9Lqd7t9BoV72GsEYUMILUEEaAgSNNgSBYyKfjSKBGmjImAdlE8ocQWc57shbaX1mny_e4Des:1tJ80Y:wfCwr2IsuRuIK8hU8Yrqkyx0pIPBcJgk8Ch9wd2VmK8", "expire_date": "2024-12-19T09:18:50.434Z"}}, {"model": "sessions.session", "pk": "9fm3vjohwfuo9lfejolqax69s0jbhy9c", "fields": {"session_data": ".eJxVjDsOwyAQBe9CHaHFYFhSpvcZ0PILTiKQjF1FuXtsyUXSvpl5b-ZoW4vbelrcHNmVCcEuv6On8Ez1IPFB9d54aHVdZs8PhZ-086nF9Lqd7t9BoV72GsEYUMILUEEaAgSNNgSBYyKfjSKBGmjImAdlE8ocQWc57shbaX1mny_e4Des:1tH12f:LgWauLwq49fB35S9XXaCQk5sinHzd_VBgBgyNPPK9MQ", "expire_date": "2024-12-13T13:28:17.457Z"}}, {"model": "sessions.session", "pk": "9jd85hgnzu196uyzi3evavyer4wruw0u", "fields": {"session_data": ".eJxVjMsOgjAUBf-la9NY2tKLS_d-Q3NfFdRAQmFl_HchYaHbmTnnbTKuS5_XqnMexFyM68zpFxLyU8fdyAPH-2R5Gpd5ILsn9rDV3ibR1_Vo_w56rP22hpJSIx1gEQqOgxfH6IC4QIoofmO-gDJQGxsITgND0hB8p-cYqTWfLyL1OE4:1tLKcC:Id0cwAvevl5FjzUih1kkK46id4JZcKOfhaGg_DVTwQQ", "expire_date": "2024-12-25T11:10:48.350Z"}}, {"model": "sessions.session", "pk": "9r0fy5opc3yxuuub45oosiw1jdj84ecc", "fields": {"session_data": ".eJxVjMEOwiAQRP-FsyEuIiwevfsNZJcFqRqalPZk_Het6UFvk3lv5qkiLXONS89THESdFDi1-y2Z0j23lciN2nXUaWzzNLBeFb3Rri-j5Md5c_8OKvX6WSMUBJ-Dp0AGITgLxLZYCdlwOPI3uLRPYjEbJItonDAUOkAR59XrDQGWOCE:1tKYyb:EZ0_2zgXfJFkQ8kDD6XNSwNhJpuUooxr1Y9gOOgueLM", "expire_date": "2024-12-23T08:18:45.129Z"}}, {"model": "sessions.session", "pk": "9v3dx6e1hfg6q99wgnpi7ewg848emkj8", "fields": {"session_data": ".eJxVjEEOwiAQRe_C2pCZFgq4dO8ZyAxDpGogKe3KeHdt0oVu_3vvv1SkbS1x63mJs6izQlCn35EpPXLdidyp3ppOra7LzHpX9EG7vjbJz8vh_h0U6uVb2ylBHsHR4EhQ3MQGKDgWNH4MiCNQRvQOxFoCAM_BIrChYFOgAdX7A-UaNuo:1tD3Z8:ivjH8x-F2wVY-k9tihukbjL3L4TCFnEpCCLYveV0Ii0", "expire_date": "2024-12-02T15:21:26.062Z"}}, {"model": "sessions.session", "pk": "a6j8ve5qoa449jc867ezehxipxfz9zu7", "fields": {"session_data": ".eJxVjMEOwiAQBf-FsyGwBSo9eu83EFi2FkVI2uLF-O_apJde38y8D_OItZXNvWlJU6Lo6OVTZkNpOV-Y822bXVtpcSmygQGw0xg8PqnsJD58uVeOtWxLCnxX-EFXPtZI-Xa4p4PZr_O_tjH0yk9Km0kGkKQtSLhKgUoSCEvR2M5A6KQ2Gi0JIIFBdxJ1D0hGse8PTLlCnQ:1tM4g5:NpFSxwvKhfQfhWZ3FSlLmRr9okBt9IrnpBvyBNHrQNg", "expire_date": "2024-12-27T12:21:53.319Z"}}, {"model": "sessions.session", "pk": "a7yfqnye5elechp12mbwdjkesjtffhef", "fields": {"session_data": ".eJxVjDsOwyAQBe9CHaHFYFhSpvcZ0PILTiKQjF1FuXtsyUXSvpl5b-ZoW4vbelrcHNmVCcEuv6On8Ez1IPFB9d54aHVdZs8PhZ-086nF9Lqd7t9BoV72GsEYUMILUEEaAgSNNgSBYyKfjSKBGmjImAdlE8ocQWc57shbaX1mny_e4Des:1tEUen:gy2zH5NLElB5Tv3yaJqhcw6z1ja_C1EmDih6j96HGlc", "expire_date": "2024-12-06T14:29:13.474Z"}}, {"model": "sessions.session", "pk": "algjqxoy7ojx6ucdfveiu9bjyrj9c8kk", "fields": {"session_data": ".eJxVjEEOgjAQRe_StWk6lpbi0j1nIDPMjKCmTSisjHdXEha6_e-9_zIDbus0bFWWYWZzMeDN6XckHB-Sd8J3zLdix5LXZSa7K_ag1faF5Xk93L-DCev0raNXUj63PgpQQEjOdW2S2KkoMLakkCJrExOAA-ooBY_ahMDqAhKY9wcPTjg5:1tM2S9:ooFsAwd0Pvyf31f6QURFgt763Ls0xwWd9mg9Yb9Qkus", "expire_date": "2024-12-27T09:59:21.923Z"}}, {"model": "sessions.session", "pk": "auae2u9ghtddxrazgxnqevusi70b40b6", "fields": {"session_data": ".eJxVjEEOwiAQAP_C2RBdoIBH730DWdhFqgaS0p6MfzckPeh1ZjJvEXDfStg7r2EhcRWXszj9wojpyXUYemC9N5la3dYlypHIw3Y5N-LX7Wj_BgV7GV9M4I0BlSBqp7UnryxxzikrQtBJRTQmE6NDqzl6P0VAyx6cVpgn8fkCGSk40Q:1tDPec:AYqCMw7UzyWJlyPY-QlyXMGWv1Axqw1ObXhm0xbUkgQ", "expire_date": "2024-12-03T14:56:34.773Z"}}, {"model": "sessions.session", "pk": "axdfg5312k7qn6b4vjskx4p0mj7bz57r", "fields": {"session_data": ".eJxVjDsOwyAQBe9CHaHFYFhSpvcZ0PILTiKQjF1FuXtsyUXSvpl5b-ZoW4vbelrcHNmVCcEuv6On8Ez1IPFB9d54aHVdZs8PhZ-086nF9Lqd7t9BoV72GsEYUMILUEEaAgSNNgSBYyKfjSKBGmjImAdlE8ocQWc57shbaX1mny_e4Des:1tISWV:I8hqJZj4tNUc8ke9a3SV-RFQqbK2YNdRatMA9uZTPio", "expire_date": "2024-12-17T13:01:03.748Z"}}, {"model": "sessions.session", "pk": "b2ts2mtgysrea6lt4qfu75is3rsy1b8x", "fields": {"session_data": ".eJxVjEEOwiAQAP_C2RBdoIBH730DWdhFqgaS0p6MfzckPeh1ZjJvEXDfStg7r2EhcRWXszj9wojpyXUYemC9N5la3dYlypHIw3Y5N-LX7Wj_BgV7GV9M4I0BlSBqp7UnryxxzikrQtBJRTQmE6NDqzl6P0VAyx6cVpgn8fkCGSk40Q:1tGgH2:m_SGu-FgxZl5kFbV5HKrrMMqa4MQOhNroJBpNm-2Mq4", "expire_date": "2024-12-12T15:17:44.622Z"}}, {"model": "sessions.session", "pk": "bt3jdtcast2ypey34xrka8a8bl62yst5", "fields": {"session_data": ".eJxVjEEOwiAQAP_C2RBdoIBH730DWdhFqgaS0p6MfzckPeh1ZjJvEXDfStg7r2EhcRWXszj9wojpyXUYemC9N5la3dYlypHIw3Y5N-LX7Wj_BgV7GV9M4I0BlSBqp7UnryxxzikrQtBJRTQmE6NDqzl6P0VAyx6cVpgn8fkCGSk40Q:1tDQLn:CMvBBjujFyyTCv-YwEqKHbQaTOpBKzVdTvuzTWa-1lk", "expire_date": "2024-12-03T15:41:11.773Z"}}, {"model": "sessions.session", "pk": "c145ducvpd1sgpqdat3qj4e2l5xv3qoj", "fields": {"session_data": ".eJxVjEEOgjAQRe_StSEzQCl16d4zNNPOKNXaJkDdGO-uJGzY_vfe_ygKodS8urfM8RaFnbwoJnXONaWTclTXydVFZhdZnRWCOoyewlPyRvhB-V6aUPI6R99sSrPTpbkWlnTZ3cPBRMv0r_UQQDow1BpiZDP4Hsgaz9iPnUXsgARxNMBaEwCM3moE35PVwVKL6vsDROpCUA:1tD20j:TCMSQT3cKZut37CsL1yBLoX43UqC1x3dXKJ_f-dIFxQ", "expire_date": "2024-12-02T13:41:49.129Z"}}, {"model": "sessions.session", "pk": "c1aenasdardsv93n0ufbequ0ypk40ifr", "fields": {"session_data": ".eJxVjDsOwyAQBe9CHaHFYFhSpvcZ0PILTiKQjF1FuXtsyUXSvpl5b-ZoW4vbelrcHNmVCcEuv6On8Ez1IPFB9d54aHVdZs8PhZ-086nF9Lqd7t9BoV72GsEYUMILUEEaAgSNNgSBYyKfjSKBGmjImAdlE8ocQWc57shbaX1mny_e4Des:1tDm7f:9duuX2hfpRrEOOcsaA3YXKC2I9lbPCP5O5LwReM6-Jg", "expire_date": "2024-12-04T14:56:03.673Z"}}, {"model": "sessions.session", "pk": "c32uk5qrqkomevu4c33osc0m04aowpyd", "fields": {"session_data": ".eJxVjEEOwiAQAP_C2RBdoIBH730DWdhFqgaS0p6MfzckPeh1ZjJvEXDfStg7r2EhcRWXszj9wojpyXUYemC9N5la3dYlypHIw3Y5N-LX7Wj_BgV7GV9M4I0BlSBqp7UnryxxzikrQtBJRTQmE6NDqzl6P0VAyx6cVpgn8fkCGSk40Q:1tDQR0:PMo0QrWD1YOJuQnYs5Pc8xVwY6fG1RXttwULRTLoMYg", "expire_date": "2024-12-03T15:46:34.056Z"}}, {"model": "sessions.session", "pk": "c5gcobu6zwt7z3ev0j2zbimy1fsfxp4e", "fields": {"session_data": ".eJxVjDsOwyAQBe9CHaHFYFhSpvcZ0PILTiKQjF1FuXtsyUXSvpl5b-ZoW4vbelrcHNmVCcEuv6On8Ez1IPFB9d54aHVdZs8PhZ-086nF9Lqd7t9BoV72GsEYUMILUEEaAgSNNgSBYyKfjSKBGmjImAdlE8ocQWc57shbaX1mny_e4Des:1tI3PF:B5M1yFWtSghWwaV9VfbBrNbI2wX9xf65fYvYJ9GKFBc", "expire_date": "2024-12-16T10:11:53.658Z"}}, {"model": "sessions.session", "pk": "c6gmvdrt589cf8bymr1lay6c6btddght", "fields": {"session_data": ".eJxVjMsOgjAUBf-la9NY2tKLS_d-Q3NfFdRAQmFl_HchYaHbmTnnbTKuS5_XqnMexFyM68zpFxLyU8fdyAPH-2R5Gpd5ILsn9rDV3ibR1_Vo_w56rP22hpJSIx1gEQqOgxfH6IC4QIoofmO-gDJQGxsITgND0hB8p-cYqTWfLyL1OE4:1tLKKm:UdeToYQpMDkopCrsoV7K3LcempBXchR5rrL7b_m75lU", "expire_date": "2024-12-25T10:52:48.503Z"}}, {"model": "sessions.session", "pk": "c9hpb3a2wpd94ruf2biv4g2hzas5wh8d", "fields": {"session_data": ".eJxVjEEOgjAQRe_StWk6lpbi0j1nIDPMjKCmTSisjHdXEha6_e-9_zIDbus0bFWWYWZzMeDN6XckHB-Sd8J3zLdix5LXZSa7K_ag1faF5Xk93L-DCev0raNXUj63PgpQQEjOdW2S2KkoMLakkCJrExOAA-ooBY_ahMDqAhKY9wcPTjg5:1tIQFi:T2upFnJmaN5C8l_gwcPG3PNZZSEhjrAY3gXTg_lSRUM", "expire_date": "2024-12-17T10:35:34.465Z"}}, {"model": "sessions.session", "pk": "ceny9wdxe3ust7j9gx6xqy6g1p7iu5bq", "fields": {"session_data": ".eJxVjEEOgjAQRe_StWk6lpbi0j1nIDPMjKCmTSisjHdXEha6_e-9_zIDbus0bFWWYWZzMeDN6XckHB-Sd8J3zLdix5LXZSa7K_ag1faF5Xk93L-DCev0raNXUj63PgpQQEjOdW2S2KkoMLakkCJrExOAA-ooBY_ahMDqAhKY9wcPTjg5:1tM1Da:RPpI700YFxFZv0zcgkTxA8GY6GIqu8nJBPZr_RWthlU", "expire_date": "2024-12-27T08:40:14.577Z"}}, {"model": "sessions.session", "pk": "cn13zfokfpm8l1c03qlz5wyqiqbtxr43", "fields": {"session_data": ".eJxVjDsOwjAQBe_iGln-xR9Kes5g7Xo3OIAcKU4qxN0hUgpo38y8l8iwrTVvnZc8kTgLHcXpd0QoD247oTu02yzL3NZlQrkr8qBdXmfi5-Vw_w4q9PqtrWNDQSc_IDGyiklZoyPogAlt8Ka4xN4VBQ49kuLRhlQgjIG0QxzE-wMBNTg5:1tLKDv:h6ZUbBL2yhksceOL9GjysBqDLOVTLDxg-Rv47u_sTAg", "expire_date": "2024-12-25T10:45:43.872Z"}}, {"model": "sessions.session", "pk": "cs2jxg0oyqfmyriimkf2e8q5vc2t8l4k", "fields": {"session_data": ".eJxVjEEOwiAQRe_C2pCZFgq4dO8ZyAxDpGogKe3KeHdt0oVu_3vvv1SkbS1x63mJs6izQlCn35EpPXLdidyp3ppOra7LzHpX9EG7vjbJz8vh_h0U6uVb2ylBHsHR4EhQ3MQGKDgWNH4MiCNQRvQOxFoCAM_BIrChYFOgAdX7A-UaNuo:1tD2bW:7w2GATTe5OlGwJ_eloPt8zwlKnn4hTPJpl0nh91TY-k", "expire_date": "2024-12-02T14:19:50.734Z"}}, {"model": "sessions.session", "pk": "dy60y5yvoadt44aeopbtrvdxawzczp5h", "fields": {"session_data": ".eJxVjEEOgjAQRe_StWk6lpbi0j1nIDPMjKCmTSisjHdXEha6_e-9_zIDbus0bFWWYWZzMeDN6XckHB-Sd8J3zLdix5LXZSa7K_ag1faF5Xk93L-DCev0raNXUj63PgpQQEjOdW2S2KkoMLakkCJrExOAA-ooBY_ahMDqAhKY9wcPTjg5:1tKw6F:iPF_ft8RKUgsnqgtf110XVpmNK4k-LGbO2BBtbiOyio", "expire_date": "2024-12-24T09:00:11.236Z"}}, {"model": "sessions.session", "pk": "dz59ks45u8qswr6peh7xg3mwbi4egzmz", "fields": {"session_data": ".eJxVjDsOwyAQBe9CHSGbn43L9DkDWpYlJiEg2SZNlLsnlty4fTPzPgwQayube9OSYqLg6AUps6m0nC_MQdtm11ZaXApsYkKy0-gBn1R2Eh5Q7pVjLduSPN8VftCV32qgfD3c08EM6_yvIUqLvUE1jiQ7tIBSaRAD6s5YGzUFrbSMHoQYraFo0BoAD953ZpDQs-8PboBD0A:1tM4hd:EQ60nGu2Ck25RnQ2iWVKqobodNoldLWYY9NUiIkR0Pw", "expire_date": "2024-12-27T12:23:29.397Z"}}, {"model": "sessions.session", "pk": "e3piuuj4p4pc7m52vak6ch39bwfv7xdr", "fields": {"session_data": ".eJxVjDsOwjAQBe_iGlmOf_FS0nMGa71e4wBypDipEHeHSCmgfTPzXiLitta4dV7ilMVZaCNOv2NCenDbSb5ju82S5rYuU5K7Ig_a5XXO_Lwc7t9BxV6_NRYDNHiyIbBRBEjGOtQjOeUBiuPsrDMlodYBPBdP4BETpqT8aHAQ7w8Ovzhq:1tM4hu:ZKUWH8105WNhul7VZ0Wv8GI0VqFVyJUVUCv3ENC3JvI", "expire_date": "2024-12-27T12:23:46.699Z"}}, {"model": "sessions.session", "pk": "eoo9wfp9v5zj39oho6fknhsba4rsixng", "fields": {"session_data": ".eJxVjDsOwyAQBe9CHaHFYFhSpvcZ0PILTiKQjF1FuXtsyUXSvpl5b-ZoW4vbelrcHNmVCcEuv6On8Ez1IPFB9d54aHVdZs8PhZ-086nF9Lqd7t9BoV72GsEYUMILUEEaAgSNNgSBYyKfjSKBGmjImAdlE8ocQWc57shbaX1mny_e4Des:1tJB8S:mmZxIfSic90PiapeVTbmBifhg26kLgmPTGJCH4ylURI", "expire_date": "2024-12-19T12:39:12.382Z"}}, {"model": "sessions.session", "pk": "eu6w2abb83rqtchhsmjjb9rb6f4eg676", "fields": {"session_data": ".eJxVjDsOwyAQBe9CHaHFYFhSpvcZ0PILTiKQjF1FuXtsyUXSvpl5b-ZoW4vbelrcHNmVCcEuv6On8Ez1IPFB9d54aHVdZs8PhZ-086nF9Lqd7t9BoV72GsEYUMILUEEaAgSNNgSBYyKfjSKBGmjImAdlE8ocQWc57shbaX1mny_e4Des:1tI1U5:il9diZZwqsFfjCRtYWU1HEdkOCGnWwqZeRC2RJD7P3s", "expire_date": "2024-12-16T08:08:45.031Z"}}, {"model": "sessions.session", "pk": "exw86gsdk3gkirkwwdqknp64x9nf9ndu", "fields": {"session_data": ".eJxVjDsOwyAQBe9CHaHFYFhSpvcZ0PILTiKQjF1FuXtsyUXSvpl5b-ZoW4vbelrcHNmVCcEuv6On8Ez1IPFB9d54aHVdZs8PhZ-086nF9Lqd7t9BoV72GsEYUMILUEEaAgSNNgSBYyKfjSKBGmjImAdlE8ocQWc57shbaX1mny_e4Des:1tI1Ch:4TGr_90M0eVqQ17sa8gNQs8WjQ6wwzjJjstaREBuhm8", "expire_date": "2024-12-16T07:50:47.326Z"}}, {"model": "sessions.session", "pk": "ezlwj21d29dr05oweov1lsq2beak1e83", "fields": {"session_data": ".eJxVjM0OwiAQhN-FsyGsEH48evcZyC4sUjWQlPZkfHfbpAe9Teb7Zt4i4rrUuA6e45TFRYA4_XaE6cltB_mB7d5l6m2ZJ5K7Ig865K1nfl0P9--g4qjbWmPweHZJO8-awUPJrJP2LpAyWzSQFZBytvhEYAsFS6ZABp9AoTbi8wXgEDfK:1tGZVe:dfK5NTMcPhSlzRwcMFl1J4dU-UlxkW__8V94LdQTS4c", "expire_date": "2024-12-12T08:04:22.677Z"}}, {"model": "sessions.session", "pk": "f915q5c0tmhggjj3ovxscc4h9hpevvbp", "fields": {"session_data": ".eJxVjEEOgjAQRe_StWk6lpbi0j1nIDPMjKCmTSisjHdXEha6_e-9_zIDbus0bFWWYWZzMeDN6XckHB-Sd8J3zLdix5LXZSa7K_ag1faF5Xk93L-DCev0raNXUj63PgpQQEjOdW2S2KkoMLakkCJrExOAA-ooBY_ahMDqAhKY9wcPTjg5:1tI6uI:pxm8k5Nr158AyodxDr2X5vH3EHir1c3W6O68MNH8zXo", "expire_date": "2024-12-16T13:56:10.822Z"}}, {"model": "sessions.session", "pk": "fd6o2t49gwdsrqrpt83evm1wh0me27kc", "fields": {"session_data": ".eJxVjEEOwiAQAP_C2RBdoIBH730DWdhFqgaS0p6MfzckPeh1ZjJvEXDfStg7r2EhcRWXszj9wojpyXUYemC9N5la3dYlypHIw3Y5N-LX7Wj_BgV7GV9M4I0BlSBqp7UnryxxzikrQtBJRTQmE6NDqzl6P0VAyx6cVpgn8fkCGSk40Q:1tDQNT:paE6ZDgvTWuKRdQwL2D1u7z-LpXXXa9yTe0kuobwO6E", "expire_date": "2024-12-03T15:42:55.347Z"}}, {"model": "sessions.session", "pk": "fdy0pkja0maowkt9vgkgt7g3m9izbba0", "fields": {"session_data": ".eJxVjMsOwiAQRf-FtSEwdoC6dN9vIDM8pGogKe3K-O_apAvd3nPOfQlP21r81tPi5yguQqM4_Y5M4ZHqTuKd6q3J0Oq6zCx3RR60y6nF9Lwe7t9BoV6-dcbsKKPR1mAezhatUtEApEGzI3TZACplWLO2ISeGCCM5CBhZJRNG8f4A8sY31w:1tJ7lT:jhTTRjqxQMOvUnKJZP7vhudndd0WMsXprVyGNAIoaR8", "expire_date": "2024-12-19T09:03:15.156Z"}}, {"model": "sessions.session", "pk": "g051pwzintu5xt3lsht1u5wvdyuz0r2o", "fields": {"session_data": ".eJxVjDsOwyAQBe9CHaHFYFhSpvcZ0PILTiKQjF1FuXtsyUXSvpl5b-ZoW4vbelrcHNmVCcEuv6On8Ez1IPFB9d54aHVdZs8PhZ-086nF9Lqd7t9BoV72GsEYUMILUEEaAgSNNgSBYyKfjSKBGmjImAdlE8ocQWc57shbaX1mny_e4Des:1tI7Kl:Wg7SDcUlSUgmalCxzbZrOPrt4eQNLZToN1spE-9LM0Y", "expire_date": "2024-12-16T14:23:31.965Z"}}, {"model": "sessions.session", "pk": "g8rneh5eklncd89sibtplcqkn4hpjgev", "fields": {"session_data": ".eJxVjDsOwyAQBe9CHaHFYFhSpvcZ0PILTiKQjF1FuXtsyUXSvpl5b-ZoW4vbelrcHNmVCcEuv6On8Ez1IPFB9d54aHVdZs8PhZ-086nF9Lqd7t9BoV72GsEYUMILUEEaAgSNNgSBYyKfjSKBGmjImAdlE8ocQWc57shbaX1mny_e4Des:1tH37V:CIGtslNYQIc4HNBk3X4f2NtKNNm9SRuLWkcp1i0I09c", "expire_date": "2024-12-13T15:41:25.487Z"}}, {"model": "sessions.session", "pk": "gkrhfmzzd1o342v4n4nradexgsdec3yv", "fields": {"session_data": ".eJxVjEEOwiAQAP_C2RBdoIBH730DWdhFqgaS0p6MfzckPeh1ZjJvEXDfStg7r2EhcRWXszj9wojpyXUYemC9N5la3dYlypHIw3Y5N-LX7Wj_BgV7GV9M4I0BlSBqp7UnryxxzikrQtBJRTQmE6NDqzl6P0VAyx6cVpgn8fkCGSk40Q:1tDNdr:K17cE6xn3jw9DwzWIy1M6jd0xQVDKzsCy-6YGHnSCTY", "expire_date": "2024-12-03T12:47:39.948Z"}}, {"model": "sessions.session", "pk": "gyye8enl0wes7sxuv9sbvi35yfrizstb", "fields": {"session_data": ".eJxVjDsOwyAQBe9CHaHFYFhSpvcZ0PILTiKQjF1FuXtsyUXSvpl5b-ZoW4vbelrcHNmVCcEuv6On8Ez1IPFB9d54aHVdZs8PhZ-086nF9Lqd7t9BoV72GsEYUMILUEEaAgSNNgSBYyKfjSKBGmjImAdlE8ocQWc57shbaX1mny_e4Des:1tJUCj:ZwC3G531G-jAtnMuwaXaPhi192SDSYhLzsyGGE_rs8w", "expire_date": "2024-12-20T09:00:53.919Z"}}, {"model": "sessions.session", "pk": "h6ybt9vc58cwdweb2za929qopfz7iau9", "fields": {"session_data": ".eJxVjEEOgjAQRe_StWk6lpbi0j1nIDPMjKCmTSisjHdXEha6_e-9_zIDbus0bFWWYWZzMeDN6XckHB-Sd8J3zLdix5LXZSa7K_ag1faF5Xk93L-DCev0raNXUj63PgpQQEjOdW2S2KkoMLakkCJrExOAA-ooBY_ahMDqAhKY9wcPTjg5:1tM2XF:I8CbQ5z1saBuDc_T3YA21Md-VdPhysHSvO8v3Vwi-m4", "expire_date": "2024-12-27T10:04:37.650Z"}}, {"model": "sessions.session", "pk": "hmw0f46q2yq49lsffapfw6e2mpmgnsyk", "fields": {"session_data": ".eJxVjEEOgjAQRe_StWk6lpbi0j1nIDPMjKCmTSisjHdXEha6_e-9_zIDbus0bFWWYWZzMeDN6XckHB-Sd8J3zLdix5LXZSa7K_ag1faF5Xk93L-DCev0raNXUj63PgpQQEjOdW2S2KkoMLakkCJrExOAA-ooBY_ahMDqAhKY9wcPTjg5:1tI6u9:UnFyp7yVbMfev6pRSSXrWWWZk1S8nVjX7hAfeNU5edY", "expire_date": "2024-12-16T13:56:01.005Z"}}, {"model": "sessions.session", "pk": "humw5jifjcdo5nklae4wrjohn4v05r6t", "fields": {"session_data": ".eJxVjEEOwiAQRe_C2pCZFgq4dO8ZyAxDpGogKe3KeHdt0oVu_3vvv1SkbS1x63mJs6izQlCn35EpPXLdidyp3ppOra7LzHpX9EG7vjbJz8vh_h0U6uVb2ylBHsHR4EhQ3MQGKDgWNH4MiCNQRvQOxFoCAM_BIrChYFOgAdX7A-UaNuo:1tDLDA:Gohv6hRJRnSidvDO39V95Wdg_UjrYZ_w6URUvqEoQkE", "expire_date": "2024-12-03T10:11:56.466Z"}}, {"model": "sessions.session", "pk": "idc553eea7ktzg3l31alyvzkz6nu0e93", "fields": {"session_data": ".eJxVjEEOgjAQRe_StWk6lpbi0j1nIDPMjKCmTSisjHdXEha6_e-9_zIDbus0bFWWYWZzMeDN6XckHB-Sd8J3zLdix5LXZSa7K_ag1faF5Xk93L-DCev0raNXUj63PgpQQEjOdW2S2KkoMLakkCJrExOAA-ooBY_ahMDqAhKY9wcPTjg5:1tI6s3:iX5dqV-AfknDENUuo-ypudG9o6PDh0ILMOE9Z9YsN60", "expire_date": "2024-12-16T13:53:51.901Z"}}, {"model": "sessions.session", "pk": "idylo7irdvrh9ccmjuoswnh2pcm5ara0", "fields": {"session_data": ".eJxVjDsOwyAQBe9CHaHFYFhSpvcZ0PILTiKQjF1FuXtsyUXSvpl5b-ZoW4vbelrcHNmVCcEuv6On8Ez1IPFB9d54aHVdZs8PhZ-086nF9Lqd7t9BoV72GsEYUMILUEEaAgSNNgSBYyKfjSKBGmjImAdlE8ocQWc57shbaX1mny_e4Des:1tJTj1:VLIuVXW0kJsF270VmXLVkFUfYxOCFOnHR6gm_Eonoj8", "expire_date": "2024-12-20T08:30:11.882Z"}}, {"model": "sessions.session", "pk": "iua27eymb7c5fqq10003n19nsf6w7tld", "fields": {"session_data": ".eJxVjEEOwiAURO_C2hBBpNCle89APvyPRRESWtwY76413XQ3mfdm3gxCqL0s7kUtxUTo6Akps7H0nA_MQV8m12dqLiEbmdBsV3oIDyorwTuUW-WhlqUlz1eFb3Tm14qUL5u7O5hgnn5rI6IRA9kBLEgjrFYCvIoKLUlvz_4fdDgGVIakAWWM1OhFhJOIqAf2-QJhV0OH:1tJ7sL:2wWYhT4AI9g_HKwVCa-NRJ_Zmlg2lIJ4tFFw6UxLI-Y", "expire_date": "2024-12-19T09:10:21.297Z"}}, {"model": "sessions.session", "pk": "jb6aehuajvggbit433xjivynoxpj4prb", "fields": {"session_data": ".eJxVjEEOgjAQRe_StWk6lpbi0j1nIDPMjKCmTSisjHdXEha6_e-9_zIDbus0bFWWYWZzMeDN6XckHB-Sd8J3zLdix5LXZSa7K_ag1faF5Xk93L-DCev0raNXUj63PgpQQEjOdW2S2KkoMLakkCJrExOAA-ooBY_ahMDqAhKY9wcPTjg5:1tIQIY:BGfaopb8YAgyxhd3zIjRimT3sOs6BbsqoyI3AK9fMeI", "expire_date": "2024-12-17T10:38:30.042Z"}}, {"model": "sessions.session", "pk": "jnrhtd0kur7ok9zijlmlqljxy9mifcbs", "fields": {"session_data": ".eJxVjDsOwyAQBe9CHaHFYFhSpvcZ0PILTiKQjF1FuXtsyUXSvpl5b-ZoW4vbelrcHNmVCcEuv6On8Ez1IPFB9d54aHVdZs8PhZ-086nF9Lqd7t9BoV72GsEYUMILUEEaAgSNNgSBYyKfjSKBGmjImAdlE8ocQWc57shbaX1mny_e4Des:1tKYPE:XhagXzlDO4rnLq-XTezSkbxh2D0FQhWIddJSWmfrKHo", "expire_date": "2024-12-23T07:42:12.921Z"}}, {"model": "sessions.session", "pk": "jo3o3ru7dzmw34pysbwxul3ooc1rn7qz", "fields": {"session_data": ".eJxVjEEOwiAQRe_C2pCBSgdcuvcMZGCmtmogKe3KeHfbpAvd_vfef6tI6zLGtckcJ1YXZaw6_Y6J8lPKTvhB5V51rmWZp6R3RR-06VtleV0P9-9gpDZutQ0CnQPPwQCyDxAGb6zzZ2QEGZLBnBGs-EzOddhDZwImstxvjVCvPl_Wczcg:1tGbL4:tHSVw6rqoriGmvKVfLDp4Ly93qY-LiSv91FODLGFIk4", "expire_date": "2024-12-12T10:01:34.528Z"}}, {"model": "sessions.session", "pk": "jrv94vnomtet55sbc8tdqypfbaybv8sk", "fields": {"session_data": ".eJxVjDsOwyAQBe9CHaHFYFhSpvcZ0PILTiKQjF1FuXtsyUXSvpl5b-ZoW4vbelrcHNmVCcEuv6On8Ez1IPFB9d54aHVdZs8PhZ-086nF9Lqd7t9BoV72GsEYUMILUEEaAgSNNgSBYyKfjSKBGmjImAdlE8ocQWc57shbaX1mny_e4Des:1tI1Oc:xFrRlg47kOhtL_bTe09dOFlMswYSA1BxZJSKimA6IZo", "expire_date": "2024-12-16T08:03:06.058Z"}}, {"model": "sessions.session", "pk": "jtlbhzez8u5zp3b10deeolvgx1qxh8lb", "fields": {"session_data": ".eJxVjEEOwiAQRe_C2pCZFgq4dO8ZyAxDpGogKe3KeHdt0oVu_3vvv1SkbS1x63mJs6izQlCn35EpPXLdidyp3ppOra7LzHpX9EG7vjbJz8vh_h0U6uVb2ylBHsHR4EhQ3MQGKDgWNH4MiCNQRvQOxFoCAM_BIrChYFOgAdX7A-UaNuo:1tD3SU:5u3pB0uyhw4BWrm9ZPPaIb_jthTCgelO5WmXbsrXb2c", "expire_date": "2024-12-02T15:14:34.010Z"}}, {"model": "sessions.session", "pk": "jyqvaozcg0wlye4h626mbjoqanumxhiv", "fields": {"session_data": ".eJxVjDsOwyAQBe9CHaHFYFhSpvcZ0PILTiKQjF1FuXtsyUXSvpl5b-ZoW4vbelrcHNmVCcEuv6On8Ez1IPFB9d54aHVdZs8PhZ-086nF9Lqd7t9BoV72GsEYUMILUEEaAgSNNgSBYyKfjSKBGmjImAdlE8ocQWc57shbaX1mny_e4Des:1tFa8v:16_aa4T73E5ELAfxYJSmxrGIYg4pxhG9_pr0ux9yptc", "expire_date": "2024-12-09T14:32:49.645Z"}}, {"model": "sessions.session", "pk": "kr536fa8ws1ed3ivy5wn1s4sfbaqdaj9", "fields": {"session_data": ".eJxVjDsOwyAQBe9CHaHFYFhSpvcZ0PILTiKQjF1FuXtsyUXSvpl5b-ZoW4vbelrcHNmVCcEuv6On8Ez1IPFB9d54aHVdZs8PhZ-086nF9Lqd7t9BoV72GsEYUMILUEEaAgSNNgSBYyKfjSKBGmjImAdlE8ocQWc57shbaX1mny_e4Des:1tIRXO:G1imKmxQCP6f0GV8UDqSVFj4f7H_fJlgJwO3bTggLcU", "expire_date": "2024-12-17T11:57:54.388Z"}}, {"model": "sessions.session", "pk": "kxzdlivroq4jzjorlpmeemr89hh6c930", "fields": {"session_data": ".eJxVjMsOgjAUBf-la9NY2tKLS_d-Q3NfFdRAQmFl_HchYaHbmTnnbTKuS5_XqnMexFyM68zpFxLyU8fdyAPH-2R5Gpd5ILsn9rDV3ibR1_Vo_w56rP22hpJSIx1gEQqOgxfH6IC4QIoofmO-gDJQGxsITgND0hB8p-cYqTWfLyL1OE4:1tLKER:ph5kNZ-_GEaDfONbYAinmDBypvExwrumIo5btLkyLUw", "expire_date": "2024-12-25T10:46:15.794Z"}}, {"model": "sessions.session", "pk": "lqzuthm8qqm73fi0e127t61c1irmq2zy", "fields": {"session_data": ".eJxVjM0OwiAQhN-FsyGsEH48evcZyC4sUjWQlPZkfHfbpAe9Teb7Zt4i4rrUuA6e45TFRYA4_XaE6cltB_mB7d5l6m2ZJ5K7Ig865K1nfl0P9--g4qjbWmPweHZJO8-awUPJrJP2LpAyWzSQFZBytvhEYAsFS6ZABp9AoTbi8wXgEDfK:1tJ7pL:FaNDAYxBFVpxudXJrbCJP80e5pjQ0kO4mrGLHsUEV2g", "expire_date": "2024-12-19T09:07:15.580Z"}}, {"model": "sessions.session", "pk": "m34al5wq27z6qq9w491vop769yivcqkt", "fields": {"session_data": ".eJxVjEEOgjAQRe_StWk6lpbi0j1nIDPMjKCmTSisjHdXEha6_e-9_zIDbus0bFWWYWZzMeDN6XckHB-Sd8J3zLdix5LXZSa7K_ag1faF5Xk93L-DCev0raNXUj63PgpQQEjOdW2S2KkoMLakkCJrExOAA-ooBY_ahMDqAhKY9wcPTjg5:1tI6tA:ymEp4lgP4NLYyUzXMRMzevrROGXfnaqP36L9cY-BNbg", "expire_date": "2024-12-16T13:55:00.529Z"}}, {"model": "sessions.session", "pk": "mekykuf25apoua24hnbq66848upwop16", "fields": {"session_data": ".eJwFwcENwCAIAMBdnEAEEbqMQdT4rvXVdPfevaHaeVY9e9x12V7hClzAuEMqTugDWXJX0-6ORgUoxizMDdNMs2cUGgomqtq8NGg6wvcDfY4ZJQ:1tM31Y:uzFj8Z9Pqy5Z90qk5IzimwVJmbCcdaRSFfy_sLgNuxU", "expire_date": "2024-12-27T10:35:56.533Z"}}, {"model": "sessions.session", "pk": "mopewt1dtz1dwr8o1jiyeu28kc2m64cl", "fields": {"session_data": ".eJxVjMEOwiAQRP-FsyEuIiwevfsNZJcFqRqalPZk_Het6UFvk3lv5qkiLXONS89THESdFDi1-y2Z0j23lciN2nXUaWzzNLBeFb3Rri-j5Md5c_8OKvX6WSMUBJ-Dp0AGITgLxLZYCdlwOPI3uLRPYjEbJItonDAUOkAR59XrDQGWOCE:1tJ7sP:_TYhXRoUuZ5TNR2fwdGZ-ZIabg100mERV3DTNI4CFH0", "expire_date": "2024-12-19T09:10:25.139Z"}}, {"model": "sessions.session", "pk": "mysx62qjvza4s2vyytphduczinbg6wc0", "fields": {"session_data": ".eJxVjM0OwiAQhN-FsyGsEH48evcZyC4sUjWQlPZkfHfbpAe9Teb7Zt4i4rrUuA6e45TFRYA4_XaE6cltB_mB7d5l6m2ZJ5K7Ig865K1nfl0P9--g4qjbWmPweHZJO8-awUPJrJP2LpAyWzSQFZBytvhEYAsFS6ZABp9AoTbi8wXgEDfK:1tDlvU:H-C43RMin02s1CRdrXZXGvgcH9WGw6FA0iEbEB4L7f4", "expire_date": "2024-12-04T14:43:28.548Z"}}, {"model": "sessions.session", "pk": "n2ky7lnlhnt2khxp3q5rsj7rj2yp0tec", "fields": {"session_data": ".eJxVjEEOgjAQRe_StWk6lpbi0j1nIDPMjKCmTSisjHdXEha6_e-9_zIDbus0bFWWYWZzMeDN6XckHB-Sd8J3zLdix5LXZSa7K_ag1faF5Xk93L-DCev0raNXUj63PgpQQEjOdW2S2KkoMLakkCJrExOAA-ooBY_ahMDqAhKY9wcPTjg5:1tIpKu:DA_4O4KnXzQLLKDhKl4aine8HWTrnpk9sb84ZhaqYqA", "expire_date": "2024-12-18T13:22:36.008Z"}}, {"model": "sessions.session", "pk": "n8ukslyseyt3mmps3mtypfhhj2nlf6uc", "fields": {"session_data": ".eJxVjDsOwyAQBe9CHaHFYFhSpvcZ0PILTiKQjF1FuXtsyUXSvpl5b-ZoW4vbelrcHNmVCcEuv6On8Ez1IPFB9d54aHVdZs8PhZ-086nF9Lqd7t9BoV72GsEYUMILUEEaAgSNNgSBYyKfjSKBGmjImAdlE8ocQWc57shbaX1mny_e4Des:1tJ7ot:R3puJtvQj046wuqWKcvt_9DfFIOF7mxLXFssMMey-Qc", "expire_date": "2024-12-19T09:06:47.427Z"}}, {"model": "sessions.session", "pk": "n9c8wb5hhdj5l3ojh73jp2wsefjta3q6", "fields": {"session_data": ".eJxVjEEOgjAQRe_StWk6lpbi0j1nIDPMjKCmTSisjHdXEha6_e-9_zIDbus0bFWWYWZzMeDN6XckHB-Sd8J3zLdix5LXZSa7K_ag1faF5Xk93L-DCev0raNXUj63PgpQQEjOdW2S2KkoMLakkCJrExOAA-ooBY_ahMDqAhKY9wcPTjg5:1tI8FL:grGd80lVYmSuHziJSxVkHRI_pRXtcTLfuD1GCId53Bw", "expire_date": "2024-12-16T15:21:59.473Z"}}, {"model": "sessions.session", "pk": "nyk4jyumdkfzeodk70a5odgy9t8lc3ah", "fields": {"session_data": ".eJxVjEEOwiAQAP_C2RBdoIBH730DWdhFqgaS0p6MfzckPeh1ZjJvEXDfStg7r2EhcRWXszj9wojpyXUYemC9N5la3dYlypHIw3Y5N-LX7Wj_BgV7GV9M4I0BlSBqp7UnryxxzikrQtBJRTQmE6NDqzl6P0VAyx6cVpgn8fkCGSk40Q:1tDQZu:fkQ1w2xWcebJxJnOsX7OjcWq82UWI3D7PjLGM7Hth_M", "expire_date": "2024-12-03T15:55:46.227Z"}}, {"model": "sessions.session", "pk": "o4mimk33zabfhh5ud7heej689avolkrr", "fields": {"session_data": ".eJxVjMsOwiAQRf-FtSEwdoC6dN9vIDM8pGogKe3K-O_apAvd3nPOfQlP21r81tPi5yguQqM4_Y5M4ZHqTuKd6q3J0Oq6zCx3RR60y6nF9Lwe7t9BoV6-dcbsKKPR1mAezhatUtEApEGzI3TZACplWLO2ISeGCCM5CBhZJRNG8f4A8sY31w:1tM2o8:6vKMiNNtjmKUaTtOjBIluqgAeQGwRHIB0VqghuOyzUc", "expire_date": "2024-12-27T10:22:04.772Z"}}, {"model": "sessions.session", "pk": "od7dis9jpkng9h1pv1pe6ufjiruz1upt", "fields": {"session_data": ".eJxVjDsOwyAQBe9CHaHFYFhSpvcZ0PILTiKQjF1FuXtsyUXSvpl5b-ZoW4vbelrcHNmVCcEuv6On8Ez1IPFB9d54aHVdZs8PhZ-086nF9Lqd7t9BoV72GsEYUMILUEEaAgSNNgSBYyKfjSKBGmjImAdlE8ocQWc57shbaX1mny_e4Des:1tGbZ2:KqHftCIkhAfyzNPfKVNrRvAH_jC7edeR0HcN_9dTASg", "expire_date": "2024-12-12T10:16:00.830Z"}}, {"model": "sessions.session", "pk": "oqnqk7xmr1x99h9vc5zxktezbm181980", "fields": {"session_data": ".eJxVjMsOwiAQRf-FtSEwdoC6dN9vIDM8pGogKe3K-O_apAvd3nPOfQlP21r81tPi5yguQqM4_Y5M4ZHqTuKd6q3J0Oq6zCx3RR60y6nF9Lwe7t9BoV6-dcbsKKPR1mAezhatUtEApEGzI3TZACplWLO2ISeGCCM5CBhZJRNG8f4A8sY31w:1tKYz0:VwGd-mo7rzxM3w4_L9LHIlCyrgxh3N7fKErj6fdwcng", "expire_date": "2024-12-23T08:19:10.538Z"}}, {"model": "sessions.session", "pk": "ou5dsagbqppv8mwo0xymrtp0yzf6wp6q", "fields": {"session_data": ".eJxVjMsOwiAQRf-FtSEwdoC6dN9vIDM8pGogKe3K-O_apAvd3nPOfQlP21r81tPi5yguQqM4_Y5M4ZHqTuKd6q3J0Oq6zCx3RR60y6nF9Lwe7t9BoV6-dcbsKKPR1mAezhatUtEApEGzI3TZACplWLO2ISeGCCM5CBhZJRNG8f4A8sY31w:1tLjWc:zmKgy5BJWnyHAmqLAwUNaAlK8pTxq2Grt_RUAmwctYY", "expire_date": "2024-12-26T13:46:42.490Z"}}, {"model": "sessions.session", "pk": "p2706wduq0ehcrkmx0hptrihu6fbsi60", "fields": {"session_data": ".eJxVjEEOgjAQRe_StWk6lpbi0j1nIDPMjKCmTSisjHdXEha6_e-9_zIDbus0bFWWYWZzMeDN6XckHB-Sd8J3zLdix5LXZSa7K_ag1faF5Xk93L-DCev0raNXUj63PgpQQEjOdW2S2KkoMLakkCJrExOAA-ooBY_ahMDqAhKY9wcPTjg5:1tI6xG:b3OhNbMVl5fAqh_TYKUk3Ywv3NWmZl49kHcj_3OHapY", "expire_date": "2024-12-16T13:59:14.355Z"}}, {"model": "sessions.session", "pk": "p3ulgg08zd9tv2vlj0epn36soleafnhc", "fields": {"session_data": ".eJxVjEEOgjAQRe_StWk6lpbi0j1nIDPMjKCmTSisjHdXEha6_e-9_zIDbus0bFWWYWZzMeDN6XckHB-Sd8J3zLdix5LXZSa7K_ag1faF5Xk93L-DCev0raNXUj63PgpQQEjOdW2S2KkoMLakkCJrExOAA-ooBY_ahMDqAhKY9wcPTjg5:1tI8zR:xY6rQAx6Jx-SxjQxiTDvd2ZYLvKDDYOcMnU0H8IzbAI", "expire_date": "2024-12-16T16:09:37.844Z"}}, {"model": "sessions.session", "pk": "p70kicyg9qoxpqjy82w4veefbkufuzym", "fields": {"session_data": ".eJxVjM0OwiAQhN-FsyGsEH48evcZyC4sUjWQlPZkfHfbpAe9Teb7Zt4i4rrUuA6e45TFRYA4_XaE6cltB_mB7d5l6m2ZJ5K7Ig865K1nfl0P9--g4qjbWmPweHZJO8-awUPJrJP2LpAyWzSQFZBytvhEYAsFS6ZABp9AoTbi8wXgEDfK:1tIpuZ:v7Nym-ogxYPDF9G0aB5sAdFIuRR0PF2rz5U4L16AkNo", "expire_date": "2024-12-18T13:59:27.922Z"}}, {"model": "sessions.session", "pk": "pa6jnr4dc608b7aqsztfpx8f1vfty1bz", "fields": {"session_data": ".eJxVjDsOwyAQBe9CHaHFYFhSpvcZ0PILTiKQjF1FuXtsyUXSvpl5b-ZoW4vbelrcHNmVCcEuv6On8Ez1IPFB9d54aHVdZs8PhZ-086nF9Lqd7t9BoV72GsEYUMILUEEaAgSNNgSBYyKfjSKBGmjImAdlE8ocQWc57shbaX1mny_e4Des:1tI6OY:ITO5aN1fIHGyzrzOUeOmFlzVOO83t-yegvi9dZ34LxE", "expire_date": "2024-12-16T13:23:22.456Z"}}, {"model": "sessions.session", "pk": "plytx0cvwb6lfmwv6i4mljgkday0y2gd", "fields": {"session_data": ".eJxVjMsOwiAURP-FtSG8Ky7d-w3kwr1I1UBS2pXx36VJF5rM6syZebMA21rC1mkJM7ILU5KdfmGE9KS6N_iAem88tbouc-S7wo-281tDel0P9--gQC9jrQ0JNNE6ma0jMkLKQVzyHhXqmITyk4tWEACQmfIZdSI7oskB6sw-XwbAOLo:1tLkD4:jsri5jJuqJvsXAnEG1yX8bE9Kcbbq9Jq0W2FTedM3CI", "expire_date": "2024-12-26T14:30:34.994Z"}}, {"model": "sessions.session", "pk": "pqgl70w4uw4i3xu3hndvakwvm1hra6i6", "fields": {"session_data": ".eJxVjEEOwiAQAP_C2RBdoIBH730DWdhFqgaS0p6MfzckPeh1ZjJvEXDfStg7r2EhcRWXszj9wojpyXUYemC9N5la3dYlypHIw3Y5N-LX7Wj_BgV7GV9M4I0BlSBqp7UnryxxzikrQtBJRTQmE6NDqzl6P0VAyx6cVpgn8fkCGSk40Q:1tJ7tb:4DjI9tMZgKgRs25MCz8twTEusa1uqyet5lueEZIgjbo", "expire_date": "2024-12-19T09:11:39.384Z"}}, {"model": "sessions.session", "pk": "pt8nzq3gi6y8i1yb2hpw0smrftpfj7ht", "fields": {"session_data": ".eJxVjEEOwiAQAP_C2RBdoIBH730DWdhFqgaS0p6MfzckPeh1ZjJvEXDfStg7r2EhcRWXszj9wojpyXUYemC9N5la3dYlypHIw3Y5N-LX7Wj_BgV7GV9M4I0BlSBqp7UnryxxzikrQtBJRTQmE6NDqzl6P0VAyx6cVpgn8fkCGSk40Q:1tDQA3:in20he0EjT8rQgyfdJbtfpHexpKi9ivNPu3YIrgFrFY", "expire_date": "2024-12-03T15:29:03.309Z"}}, {"model": "sessions.session", "pk": "pzsll0fja453aq2tkzei049ffpem80ks", "fields": {"session_data": ".eJxVjEEOwiAQRe_C2jSMFEq7dO8ZyAAzFkVI2uLGeHc16abb_977b4Eh1FY296IlcaLo6Ikpi6m0nE_CYdtm11ZaXIpiEqDEYfQYHlT-JN6x3GoXatmW5Lu_0u107a41Ur7s7uFgxnX-1Uax53gelCHwGsFKOQ6WzMjEEHHwDNZE7o0FkOBHb7VC7rWOLDV6EJ8vbw9Dnw:1tI6rx:Zbe7X3N4spq3C78HKHjupmHkKgxv-apz5Zn-eIABIbY", "expire_date": "2024-12-16T13:53:45.600Z"}}, {"model": "sessions.session", "pk": "qfhx5mj098rcu413gr5cc7ff4ne0fvyk", "fields": {"session_data": ".eJxVjEEOgjAQRe_StWk6lpbi0j1nIDPMjKCmTSisjHdXEha6_e-9_zIDbus0bFWWYWZzMeDN6XckHB-Sd8J3zLdix5LXZSa7K_ag1faF5Xk93L-DCev0raNXUj63PgpQQEjOdW2S2KkoMLakkCJrExOAA-ooBY_ahMDqAhKY9wcPTjg5:1tI6sa:eccwFppE98QOhfwlGVrcYvsCLZQZ1uU_E26vTGyJAjc", "expire_date": "2024-12-16T13:54:24.944Z"}}, {"model": "sessions.session", "pk": "qhngqmu17nlnar31avufd967xe4pzk4j", "fields": {"session_data": ".eJxVjMEOwiAQBf-FsyFApUCP3v0GsrBbiyIkbfFi_HfbpJde38y8L4MYayur_9CcxkTo6Q0ps6G0nC_MQ1sn3xaafUI2MKnYaQwQX1R2gk8oj8pjLeucAt8VftCF3ytSvh3u6WCCZdpq5Uh0Wlh0Uhi0TrjRSqXt1aARNAZpYjRCkY2gdWd60UlnAijst4agZ78_NkNChg:1tGbKx:8qpqZIQT2kJaEFuCGolWT1I6nSi4GmdekM2M9A_bHJ8", "expire_date": "2024-12-12T10:01:27.681Z"}}, {"model": "sessions.session", "pk": "qjf0uxknsc5w9uex7yh29yu03uj9j80q", "fields": {"session_data": ".eJxVjEEOgjAQRe_StWk6lpbi0j1nIDPMjKCmTSisjHdXEha6_e-9_zIDbus0bFWWYWZzMeDN6XckHB-Sd8J3zLdix5LXZSa7K_ag1faF5Xk93L-DCev0raNXUj63PgpQQEjOdW2S2KkoMLakkCJrExOAA-ooBY_ahMDqAhKY9wcPTjg5:1tIQF3:uadJYGcEZeoI5ShcBNftGWJBE-zmmIPy9uoN7pD-9Ew", "expire_date": "2024-12-17T10:34:53.471Z"}}, {"model": "sessions.session", "pk": "r0ung8k3vrkc4tcj5uatc2n5m5cy79da", "fields": {"session_data": ".eJxVjEEOwiAQAP_C2RBdoIBH730DWdhFqgaS0p6MfzckPeh1ZjJvEXDfStg7r2EhcRWXszj9wojpyXUYemC9N5la3dYlypHIw3Y5N-LX7Wj_BgV7GV9M4I0BlSBqp7UnryxxzikrQtBJRTQmE6NDqzl6P0VAyx6cVpgn8fkCGSk40Q:1tGG5b:OkJ1Wqri8ShtEolUgWRsMYfdrc7SVOGzE2XzYZ8SEp8", "expire_date": "2024-12-11T11:20:11.711Z"}}, {"model": "sessions.session", "pk": "rnqkij9g7gss0mo1td15bccafhma03vi", "fields": {"session_data": ".eJxVjM0OwiAQhN-FsyGsEH48evcZyC4sUjWQlPZkfHfbpAe9Teb7Zt4i4rrUuA6e45TFRYA4_XaE6cltB_mB7d5l6m2ZJ5K7Ig865K1nfl0P9--g4qjbWmPweHZJO8-awUPJrJP2LpAyWzSQFZBytvhEYAsFS6ZABp9AoTbi8wXgEDfK:1tE5Q7:aphe_q4ZanFvKyHV8BnX4jF8qfD-T1h9Mkf4TjMcoII", "expire_date": "2024-12-05T11:32:23.341Z"}}, {"model": "sessions.session", "pk": "rwd26dektvaa4265mp8t18m1x4vb20ga", "fields": {"session_data": ".eJxVjDsOwyAQBe9CHaHFYFhSpvcZ0PILTiKQjF1FuXtsyUXSvpl5b-ZoW4vbelrcHNmVCcEuv6On8Ez1IPFB9d54aHVdZs8PhZ-086nF9Lqd7t9BoV72GsEYUMILUEEaAgSNNgSBYyKfjSKBGmjImAdlE8ocQWc57shbaX1mny_e4Des:1tKZ0J:vjCsBoDFvkls6_FriAHzUX6slsfdPIS_AZk_LXPMWXE", "expire_date": "2024-12-23T08:20:31.185Z"}}, {"model": "sessions.session", "pk": "s0c4nfvyput3kjlukuc656hbb94ikf5k", "fields": {"session_data": ".eJxVjDsOwjAQBe_iGlnr_5qSnjNYXn9wADlSnFSIu0OkFNC-mXkvFuK2trCNsoQpszMTmp1-R4rpUfpO8j3228zT3NdlIr4r_KCDX-dcnpfD_TtocbRv7Wy1gE46n4zJqiIIEKmgRkFGkUVR0HofRUVpQFVFZHQ1ksD5qEGz9wfXqTbE:1tIpLW:Z0A-75f3IlSNW5XqYh2ydB2YhBFXgIAIN8cnw0n1oVI", "expire_date": "2024-12-18T13:23:14.265Z"}}, {"model": "sessions.session", "pk": "se3qe7mzx09016rey69oryqysyjrwbzy", "fields": {"session_data": ".eJxVjMsOwiAQAP-FsyHloQWP3v0GsuwuFkVI2uLF-O-mSS-9zkzmKwCx9bqGD885ZabAb8hFXGsv5SQC9HUKfeE5ZBJXoQdxgBHwxXUz9IT6aBJbXecc5ZbI3S7y3ojLbW8PgwmWafuCujjrR7BktDd2RGsNk4uQ7Khi1MkgGtBpUCoSp6TYEyh39g6c5UH8_mFIQ8I:1tLk1N:HxcWdcJlyqMGppR5nk5ykVvjr6muz25sLihvp-RKu60", "expire_date": "2024-12-26T14:18:29.583Z"}}, {"model": "sessions.session", "pk": "shmwt19gpnjwfwyk3r87y3qtm87bx5it", "fields": {"session_data": ".eJxVjEEOgjAQRe_StWk6lpbi0j1nIDPMjKCmTSisjHdXEha6_e-9_zIDbus0bFWWYWZzMeDN6XckHB-Sd8J3zLdix5LXZSa7K_ag1faF5Xk93L-DCev0raNXUj63PgpQQEjOdW2S2KkoMLakkCJrExOAA-ooBY_ahMDqAhKY9wcPTjg5:1tLk1r:5-ZSA5ymz7urWVqnW92p-us-p-BLKGF-Gyom2lo5QZQ", "expire_date": "2024-12-26T14:18:59.138Z"}}, {"model": "sessions.session", "pk": "swrp98k8h18getcc1djufmqslbzdkxxq", "fields": {"session_data": ".eJxVjEEOgjAQRe_StWk6lpbi0j1nIDPMjKCmTSisjHdXEha6_e-9_zIDbus0bFWWYWZzMeDN6XckHB-Sd8J3zLdix5LXZSa7K_ag1faF5Xk93L-DCev0raNXUj63PgpQQEjOdW2S2KkoMLakkCJrExOAA-ooBY_ahMDqAhKY9wcPTjg5:1tM34H:_CgU66VZ_IJOOM-7xiRf7GbNR80ZZTq6gZkSgOYv7Dc", "expire_date": "2024-12-27T10:38:45.515Z"}}, {"model": "sessions.session", "pk": "t1ds50rpwrvqp36t96a2tis52fhcl5ff", "fields": {"session_data": ".eJxVjEEOwiAQAP_C2RBdoIBH730DWdhFqgaS0p6MfzckPeh1ZjJvEXDfStg7r2EhcRWXszj9wojpyXUYemC9N5la3dYlypHIw3Y5N-LX7Wj_BgV7GV9M4I0BlSBqp7UnryxxzikrQtBJRTQmE6NDqzl6P0VAyx6cVpgn8fkCGSk40Q:1tJ7g0:0yNay58ysDzAJtfHskG2V1e8jwX5jKIeyHvkEFEJG8A", "expire_date": "2024-12-19T08:57:36.747Z"}}, {"model": "sessions.session", "pk": "t6u4mcppramy0z051xsogl5bc09vh6l6", "fields": {"session_data": ".eJxVjEEOwiAQAP_C2RBdoIBH730DWdhFqgaS0p6MfzckPeh1ZjJvEXDfStg7r2EhcRWXszj9wojpyXUYemC9N5la3dYlypHIw3Y5N-LX7Wj_BgV7GV9M4I0BlSBqp7UnryxxzikrQtBJRTQmE6NDqzl6P0VAyx6cVpgn8fkCGSk40Q:1tGZu7:zcTnr5Mu2kpUuTQnWUM2YyKe8qikQJ8vjLUAyXU7B-o", "expire_date": "2024-12-12T08:29:39.971Z"}}, {"model": "sessions.session", "pk": "tat8i9qdgmjl0dvkwwwkqgbocywvx6km", "fields": {"session_data": ".eJxVjDsOwjAQBe_iGlnr_5qSnjNYXn9wADlSnFSIu0OkFNC-mXkvFuK2trCNsoQpszMTmp1-R4rpUfpO8j3228zT3NdlIr4r_KCDX-dcnpfD_TtocbRv7Wy1gE46n4zJqiIIEKmgRkFGkUVR0HofRUVpQFVFZHQ1ksD5qEGz9wfXqTbE:1tIpKY:cFAPS_RYfP2sOFRTZhSzCf5AglFv350s0O4T47M4pSM", "expire_date": "2024-12-18T13:22:14.219Z"}}, {"model": "sessions.session", "pk": "txpm5ky3wk1spop0tdpa39chxkw1zmd4", "fields": {"session_data": ".eJxVjEEOwiAQAP_C2RBdoIBH730DWdhFqgaS0p6MfzckPeh1ZjJvEXDfStg7r2EhcRWXszj9wojpyXUYemC9N5la3dYlypHIw3Y5N-LX7Wj_BgV7GV9M4I0BlSBqp7UnryxxzikrQtBJRTQmE6NDqzl6P0VAyx6cVpgn8fkCGSk40Q:1tImcb:IVHkOfns-mFPuPCssKg76Ypb94WSuNm4xGXPrzhx0t4", "expire_date": "2024-12-18T10:28:41.179Z"}}, {"model": "sessions.session", "pk": "uevr803fbd54qr0ckcns3bviprajcwbw", "fields": {"session_data": ".eJxVjMEOwiAQBf-FsyGAXaA9evcbyAKLRRGStngx_rua9NLrm5n3ZhhC63VzL1pyyhQdPTEXNtVeyok57Nvs-kqLy5FNTAI7jB7Dg-qfxDvWW-Oh1W3Jnv8VvtOVX1ukctndw8GM6_yrEySLCbQ0GtJwNmCEiFopGqS3CDZpBUJoL700IZFXUY1oVYDoBekwss8XUpZDPQ:1tJ7lJ:P5Cd1kencz69E7H3xh8Hzpxv_4sxLjEmNp-47zZP1Ls", "expire_date": "2024-12-19T09:03:05.584Z"}}, {"model": "sessions.session", "pk": "ulrrmlyigqquu3xodfv2k6swwpxenub0", "fields": {"session_data": ".eJxVjDsOwyAQBe9CHaHFYFhSpvcZ0PILTiKQjF1FuXtsyUXSvpl5b-ZoW4vbelrcHNmVCcEuv6On8Ez1IPFB9d54aHVdZs8PhZ-086nF9Lqd7t9BoV72GsEYUMILUEEaAgSNNgSBYyKfjSKBGmjImAdlE8ocQWc57shbaX1mny_e4Des:1tFtJK:hAeoKtrbl6XkcIyRBaMC3aeLgTZhIpdXvsuKb4bLcyw", "expire_date": "2024-12-10T11:00:50.291Z"}}, {"model": "sessions.session", "pk": "umljxz7l6vbdfwrlmb8uy2tax94yg630", "fields": {"session_data": ".eJxVjDsOwyAQRO9CHSEwH8cu0-cMaGGXmISAZJs0Ue4eW3Jjaao3b-bLIITayuo-NKeYCB29IWU2lpbzhTlo6-TaQrNLyEbWSXaCHsKLyt7gE8qj8lDLOifPd4Uf7cLvFSnfDvd0MMEybWulSaD2xspoLJEWUm7EhmHADpUPoht6640gACDdxyuqQGaLIguoIvv9AWaBRCA:1tLkCg:gwDXR5JG-o-SbFnqHg-_7G3G7Wv_xYE9374x-tnrAk4", "expire_date": "2024-12-26T14:30:10.151Z"}}, {"model": "sessions.session", "pk": "v5bm3w4i3b56ej75swpahotw8r6t0za1", "fields": {"session_data": ".eJxVjDsOwyAQBe9CHaHFYFhSpvcZ0PILTiKQjF1FuXtsyUXSvpl5b-ZoW4vbelrcHNmVCcEuv6On8Ez1IPFB9d54aHVdZs8PhZ-086nF9Lqd7t9BoV72GsEYUMILUEEaAgSNNgSBYyKfjSKBGmjImAdlE8ocQWc57shbaX1mny_e4Des:1tGfef:4IWgetXNGDGAEoNnMjh4d5xp1X854R8DwoV9TMywtO0", "expire_date": "2024-12-12T14:38:05.483Z"}}, {"model": "sessions.session", "pk": "vj2css5pw5mi9cfzdxjgy36xm9h2dln7", "fields": {"session_data": ".eJxVjEEOwiAQAP_C2RBdoIBH730DWdhFqgaS0p6MfzckPeh1ZjJvEXDfStg7r2EhcRWXszj9wojpyXUYemC9N5la3dYlypHIw3Y5N-LX7Wj_BgV7GV9M4I0BlSBqp7UnryxxzikrQtBJRTQmE6NDqzl6P0VAyx6cVpgn8fkCGSk40Q:1tDP9O:upGS5p4u2_Uw4TBoQey0BgJ7h_pUI2f0Vn2eOJFD2BY", "expire_date": "2024-12-03T14:24:18.496Z"}}, {"model": "sessions.session", "pk": "w4xfvjkqegfqtc7vbqmtmjghdj1y12gi", "fields": {"session_data": ".eJxVjDsOwyAQBe9CHaHFYFhSpvcZ0PILTiKQjF1FuXtsyUXSvpl5b-ZoW4vbelrcHNmVCcEuv6On8Ez1IPFB9d54aHVdZs8PhZ-086nF9Lqd7t9BoV72GsEYUMILUEEaAgSNNgSBYyKfjSKBGmjImAdlE8ocQWc57shbaX1mny_e4Des:1tJ84o:xE9ORwRPAK5B8Mkx1XnZ-r4CxI7GL7WOCImf3wXkMW8", "expire_date": "2024-12-19T09:23:14.667Z"}}, {"model": "sessions.session", "pk": "wazi9khebexubirbhpcezrruu32z7k42", "fields": {"session_data": ".eJxVjEEOwiAQRe_C2hAGCBSX7j0DmYFBqgaS0q6Md9cmXej2v_f-S0Tc1hq3wUucszgL8OL0OxKmB7ed5Du2W5ept3WZSe6KPOiQ1575eTncv4OKo35rHwKEZIiLstkbq8FoIHSGtLelqABUwOYUdHLMViNk9DwpB4B2UiDeH_ioN5M:1tLHj3:joJF6VmAK9bWKAPhIcBWkQUfzqJl20hOoN6sqWOfcVo", "expire_date": "2024-12-25T08:05:41.871Z"}}, {"model": "sessions.session", "pk": "wn8jnxglkkz665wutrqhbk0h88nf588l", "fields": {"session_data": ".eJxVjEEOwiAQAP_C2RBdoIBH730DWdhFqgaS0p6MfzckPeh1ZjJvEXDfStg7r2EhcRWXszj9wojpyXUYemC9N5la3dYlypHIw3Y5N-LX7Wj_BgV7GV9M4I0BlSBqp7UnryxxzikrQtBJRTQmE6NDqzl6P0VAyx6cVpgn8fkCGSk40Q:1tGIrs:WQ4jEC8eJamqQ2syQMXB8A_qCO1Vt07IYZds8yL-5rA", "expire_date": "2024-12-11T14:18:12.437Z"}}, {"model": "sessions.session", "pk": "woefoll8blmr8iaotzsbfkzolgnw528s", "fields": {"session_data": ".eJxVjM0OwiAQhN-FsyGsEH48evcZyC4sUjWQlPZkfHfbpAe9Teb7Zt4i4rrUuA6e45TFRYA4_XaE6cltB_mB7d5l6m2ZJ5K7Ig865K1nfl0P9--g4qjbWmPweHZJO8-awUPJrJP2LpAyWzSQFZBytvhEYAsFS6ZABp9AoTbi8wXgEDfK:1tJ7yp:4YVvwGTOIzr9DFPAorOrtlOtVUEYS2McLxjVKRebl3Q", "expire_date": "2024-12-19T09:17:03.921Z"}}, {"model": "sessions.session", "pk": "x33lqo0ymejrtivxxxmjyhd82l8rur8t", "fields": {"session_data": ".eJxVjDsOwyAQBe9CHaHFYFhSpvcZ0PILTiKQjF1FuXtsyUXSvpl5b-ZoW4vbelrcHNmVCcEuv6On8Ez1IPFB9d54aHVdZs8PhZ-086nF9Lqd7t9BoV72GsEYUMILUEEaAgSNNgSBYyKfjSKBGmjImAdlE8ocQWc57shbaX1mny_e4Des:1tGJBF:NpFPzEECfGlkE_fVvHFgH_UhGlrv3-YVqnc7gZyGpf0", "expire_date": "2024-12-11T14:38:13.121Z"}}, {"model": "sessions.session", "pk": "xt9ylamqy1gfvtzh6n41em6tvjwwqd56", "fields": {"session_data": ".eJxVjDsOwyAQBe9CHaHFYFhSpvcZ0PILTiKQjF1FuXtsyUXSvpl5b-ZoW4vbelrcHNmVCcEuv6On8Ez1IPFB9d54aHVdZs8PhZ-086nF9Lqd7t9BoV72GsEYUMILUEEaAgSNNgSBYyKfjSKBGmjImAdlE8ocQWc57shbaX1mny_e4Des:1tI7B6:_QZ57hJniP4L0jtJsdrCqMbmbk7e7BId-KGEeLFlq-M", "expire_date": "2024-12-16T14:13:32.784Z"}}, {"model": "sessions.session", "pk": "y6xn95bb87xxy2gfxrrsh9kabij3uknd", "fields": {"session_data": ".eJxVjMEOwiAQBf-FsyFSoNAevfsNZFkWiyIkbfFi_HfbpJdeZ-a9LwPE2srqPjSnmCg4ekPKbCwt5wtz0NbJtYVmlwIbmRjYCXrAF5XdhCeUR-VYyzonz_eEH3bh9xoo3472dDDBMm1rG43pwmAhBq8EKhkEgrAeozUagtyYjJbQ-l53VglSaA0pJQe6au179vsDgrZDtA:1tLKEJ:1qqNHUOyUVaFnyqK4Vu7YABJw-c9nX8RY0NLO3dpdOY", "expire_date": "2024-12-25T10:46:07.792Z"}}, {"model": "sessions.session", "pk": "ylqj97q8pdk9m5v2gtlhl2k2x1zo3utv", "fields": {"session_data": ".eJxVjEEOgyAUBe_CuiEgKOCye89APvCptBQSlW6a3r2auHH7ZuZ9CXhfW9nsB5cUEwaLb0iZjKXlfCMW2jbbtuJiUyAj4ZxcRgf-heUg4QnlUamvZVuSo4dCT7rSqQbM99O9HMywznutmVJMcseZ9EIB02zQxnuuewQXlQSuBwZd1LGTBrWIgQ1R9DtyRhgXye8PPrBDEg:1tDm7W:r5amOXfDVnqOF2b4IWjmYFDICEVv4mIg2zurmV-fO_I", "expire_date": "2024-12-04T14:55:54.514Z"}}, {"model": "sessions.session", "pk": "ysudvtwr29psdx7dy7iar0oen96cj69k", "fields": {"session_data": ".eJxVjEEOgjAQRe_StWk6lpbi0j1nIDPMjKCmTSisjHdXEha6_e-9_zIDbus0bFWWYWZzMeDN6XckHB-Sd8J3zLdix5LXZSa7K_ag1faF5Xk93L-DCev0raNXUj63PgpQQEjOdW2S2KkoMLakkCJrExOAA-ooBY_ahMDqAhKY9wcPTjg5:1tIpL7:WWAvxseDsuWyL0NMjQOFGjJ2oFEfl79mrBSUF4-Oje8", "expire_date": "2024-12-18T13:22:49.619Z"}}, {"model": "sessions.session", "pk": "z3q8nt284f1yj07jqhu70f5e0ohtce0m", "fields": {"session_data": ".eJxVjEEOwiAQAP_C2RBdoIBH730DWdhFqgaS0p6MfzckPeh1ZjJvEXDfStg7r2EhcRWXszj9wojpyXUYemC9N5la3dYlypHIw3Y5N-LX7Wj_BgV7GV9M4I0BlSBqp7UnryxxzikrQtBJRTQmE6NDqzl6P0VAyx6cVpgn8fkCGSk40Q:1tFtIB:Y041_JbEffAvUNP_Sw1UNfNjGvsEHA8wuxJFVGRLExM", "expire_date": "2024-12-10T10:59:39.633Z"}}, {"model": "sessions.session", "pk": "zmq3g7lflm8m6t4u9k4dkm000gc19cn1", "fields": {"session_data": ".eJxVjEEOwiAQAP_C2RBdoIBH730DWdhFqgaS0p6MfzckPeh1ZjJvEXDfStg7r2EhcRWXszj9wojpyXUYemC9N5la3dYlypHIw3Y5N-LX7Wj_BgV7GV9M4I0BlSBqp7UnryxxzikrQtBJRTQmE6NDqzl6P0VAyx6cVpgn8fkCGSk40Q:1tDfl1:uw33t4S5pNyJMoL5Rn60s3D5O9Z2UkmAi_8SX5plol8", "expire_date": "2024-12-04T08:08:15.217Z"}}, {"model": "sites.site", "pk": 1, "fields": {"domain": "example.com", "name": "example.com"}}, {"model": "account.emailaddress", "pk": 1, "fields": {"user": 2, "email": "sophie.tigerholm@gmail.com", "verified": false, "primary": true}}, {"model": "account.emailaddress", "pk": 2, "fields": {"user": 3, "email": "test@test.se", "verified": false, "primary": true}}, {"model": "account.emailaddress", "pk": 3, "fields": {"user": 4, "email": "lisa@email.se", "verified": false, "primary": true}}, {"model": "account.emailaddress", "pk": 4, "fields": {"user": 5, "email": "mucke@email.com", "verified": false, "primary": true}}, {"model": "account.emailaddress", "pk": 5, "fields": {"user": 6, "email": "tim@email.com", "verified": false, "primary": true}}, {"model": "account.emailaddress", "pk": 6, "fields": {"user": 8, "email": "ada@gmail.com", "verified": false, "primary": true}}, {"model": "account.emailaddress", "pk": 7, "fields": {"user": 9, "email": "test@test.com", "verified": false, "primary": true}}, {"model": "account.emailaddress", "pk": 8, "fields": {"user": 10, "email": "tommy@email.se", "verified": false, "primary": true}}, {"model": "account.emailaddress", "pk": 9, "fields": {"user": 14, "email": "sbarriball@me.com", "verified": false, "primary": true}}, {"model": "comments.comment", "pk": 1, "fields": {"owner": 1, "post": 13, "created_at": "2024-11-21T11:51:33.519Z", "updated_at": "2024-11-21T12:31:08.763Z", "content": "You are so strong minded! WOW"}}, {"model": "comments.comment", "pk": 3, "fields": {"owner": 1, "post": 13, "created_at": "2024-11-21T12:45:26.872Z", "updated_at": "2024-11-21T12:45:26.872Z", "content": "comment1"}}, {"model": "comments.comment", "pk": 4, "fields": {"owner": 1, "post": 13, "created_at": "2024-11-21T12:45:31.308Z", "updated_at": "2024-11-21T12:45:31.308Z", "content": "comment2"}}, {"model": "comments.comment", "pk": 5, "fields": {"owner": 1, "post": 13, "created_at": "2024-11-21T12:45:35.971Z", "updated_at": "2024-11-21T12:45:35.971Z", "content": "comment3"}}, {"model": "comments.comment", "pk": 6, "fields": {"owner": 1, "post": 13, "created_at": "2024-11-21T12:45:40.126Z", "updated_at": "2024-11-21T12:45:40.126Z", "content": "comment4"}}, {"model": "comments.comment", "pk": 7, "fields": {"owner": 1, "post": 13, "created_at": "2024-11-21T12:45:44.813Z", "updated_at": "2024-11-21T12:45:44.813Z", "content": "comment5"}}, {"model": "comments.comment", "pk": 8, "fields": {"owner": 1, "post": 13, "created_at": "2024-11-21T12:45:49.142Z", "updated_at": "2024-11-21T12:45:49.142Z", "content": "comment6"}}, {"model": "comments.comment", "pk": 9, "fields": {"owner": 1, "post": 13, "created_at": "2024-11-21T12:45:56.471Z", "updated_at": "2024-11-21T12:45:56.471Z", "content": "comment7"}}, {"model": "comments.comment", "pk": 10, "fields": {"owner": 1, "post": 13, "created_at": "2024-11-21T12:46:01.164Z", "updated_at": "2024-11-21T12:46:01.164Z", "content": "comment8"}}, {"model": "comments.comment", "pk": 11, "fields": {"owner": 1, "post": 13, "created_at": "2024-11-21T12:46:05.707Z", "updated_at": "2024-11-21T12:46:05.707Z", "content": "comment9"}}, {"model": "comments.comment", "pk": 12, "fields": {"owner": 1, "post": 13, "created_at": "2024-11-21T12:46:10.569Z", "updated_at": "2024-11-21T12:46:10.569Z", "content": "comment10"}}, {"model": "comments.comment", "pk": 13, "fields": {"owner": 10, "post": 9, "created_at": "2024-11-28T15:20:39.764Z", "updated_at": "2024-11-28T15:20:39.764Z", "content": "Agree!!"}}, {"model": "comments.comment", "pk": 18, "fields": {"owner": 14, "post": 11, "created_at": "2024-12-04T12:43:31.709Z", "updated_at": "2024-12-04T12:43:46.250Z", "content": "awesome - congrats, I'm working on this myself!"}}, {"model": "comments.comment", "pk": 20, "fields": {"owner": 11, "post": 16, "created_at": "2024-12-05T09:19:09.284Z", "updated_at": "2024-12-05T09:19:09.284Z", "content": "I'm in!!"}}, {"model": "comments.comment", "pk": 21, "fields": {"owner": 11, "post": 16, "created_at": "2024-12-09T07:53:27.927Z", "updated_at": "2024-12-09T07:53:27.927Z", "content": "Carl will also join!"}}, {"model": "comments.comment", "pk": 29, "fields": {"owner": 13, "post": 16, "created_at": "2024-12-13T10:43:34.200Z", "updated_at": "2024-12-13T10:43:34.200Z", "content": "yes"}}, {"model": "followers.follower", "pk": 19, "fields": {"owner": 10, "followed": 11, "created_at": "2024-11-27T13:53:38.873Z"}}, {"model": "followers.follower", "pk": 21, "fields": {"owner": 11, "followed": 6, "created_at": "2024-12-02T08:03:17.513Z"}}, {"model": "followers.follower", "pk": 24, "fields": {"owner": 11, "followed": 1, "created_at": "2024-12-02T10:13:29.899Z"}}, {"model": "followers.follower", "pk": 25, "fields": {"owner": 11, "followed": 10, "created_at": "2024-12-02T10:14:03.719Z"}}, {"model": "followers.follower", "pk": 26, "fields": {"owner": 14, "followed": 4, "created_at": "2024-12-04T12:41:58.804Z"}}, {"model": "followers.follower", "pk": 27, "fields": {"owner": 14, "followed": 3, "created_at": "2024-12-04T12:42:00.049Z"}}, {"model": "followers.follower", "pk": 28, "fields": {"owner": 14, "followed": 10, "created_at": "2024-12-04T12:42:01.793Z"}}, {"model": "followers.follower", "pk": 29, "fields": {"owner": 14, "followed": 6, "created_at": "2024-12-04T12:42:04.346Z"}}, {"model": "followers.follower", "pk": 30, "fields": {"owner": 14, "followed": 11, "created_at": "2024-12-04T12:47:59.107Z"}}, {"model": "followers.follower", "pk": 31, "fields": {"owner": 1, "followed": 11, "created_at": "2024-12-05T08:55:01.786Z"}}, {"model": "followers.follower", "pk": 32, "fields": {"owner": 1, "followed": 10, "created_at": "2024-12-05T08:55:05.153Z"}}, {"model": "followers.follower", "pk": 33, "fields": {"owner": 1, "followed": 6, "created_at": "2024-12-05T08:55:13.772Z"}}, {"model": "followers.follower", "pk": 36, "fields": {"owner": 15, "followed": 10, "created_at": "2024-12-05T09:03:22.005Z"}}, {"model": "followers.follower", "pk": 37, "fields": {"owner": 15, "followed": 11, "created_at": "2024-12-05T09:03:23.008Z"}}, {"model": "followers.follower", "pk": 38, "fields": {"owner": 15, "followed": 1, "created_at": "2024-12-05T09:03:24.277Z"}}, {"model": "followers.follower", "pk": 39, "fields": {"owner": 11, "followed": 15, "created_at": "2024-12-05T09:07:02.108Z"}}, {"model": "followers.follower", "pk": 40, "fields": {"owner": 1, "followed": 15, "created_at": "2024-12-05T09:07:21.183Z"}}, {"model": "followers.follower", "pk": 41, "fields": {"owner": 10, "followed": 1, "created_at": "2024-12-05T09:07:44.749Z"}}, {"model": "followers.follower", "pk": 42, "fields": {"owner": 10, "followed": 15, "created_at": "2024-12-05T09:07:46.183Z"}}, {"model": "followers.follower", "pk": 43, "fields": {"owner": 16, "followed": 11, "created_at": "2024-12-05T09:11:21.052Z"}}, {"model": "followers.follower", "pk": 44, "fields": {"owner": 16, "followed": 10, "created_at": "2024-12-05T09:11:22.097Z"}}, {"model": "followers.follower", "pk": 45, "fields": {"owner": 16, "followed": 15, "created_at": "2024-12-05T09:11:22.963Z"}}, {"model": "followers.follower", "pk": 46, "fields": {"owner": 16, "followed": 1, "created_at": "2024-12-05T09:11:23.854Z"}}, {"model": "followers.follower", "pk": 47, "fields": {"owner": 10, "followed": 16, "created_at": "2024-12-05T09:11:44.977Z"}}, {"model": "followers.follower", "pk": 48, "fields": {"owner": 1, "followed": 16, "created_at": "2024-12-05T09:17:08.361Z"}}, {"model": "followers.follower", "pk": 49, "fields": {"owner": 11, "followed": 16, "created_at": "2024-12-05T09:18:53.998Z"}}, {"model": "followers.follower", "pk": 51, "fields": {"owner": 19, "followed": 10, "created_at": "2024-12-11T11:05:53.133Z"}}, {"model": "followers.follower", "pk": 52, "fields": {"owner": 13, "followed": 10, "created_at": "2024-12-12T14:19:16.263Z"}}, {"model": "followers.follower", "pk": 53, "fields": {"owner": 23, "followed": 15, "created_at": "2024-12-13T12:28:18.246Z"}}, {"model": "followers.follower", "pk": 54, "fields": {"owner": 23, "followed": 16, "created_at": "2024-12-13T12:28:27.951Z"}}, {"model": "followers.follower", "pk": 55, "fields": {"owner": 23, "followed": 10, "created_at": "2024-12-13T12:28:39.837Z"}}, {"model": "likes.like", "pk": 1, "fields": {"owner": 1, "post": 2, "created_at": "2024-11-20T14:43:37.073Z"}}, {"model": "likes.like", "pk": 3, "fields": {"owner": 11, "post": 7, "created_at": "2024-11-20T14:56:07.822Z"}}, {"model": "likes.like", "pk": 4, "fields": {"owner": 11, "post": 6, "created_at": "2024-11-20T14:56:12.314Z"}}, {"model": "likes.like", "pk": 5, "fields": {"owner": 11, "post": 2, "created_at": "2024-11-20T14:56:19.751Z"}}, {"model": "likes.like", "pk": 6, "fields": {"owner": 11, "post": 3, "created_at": "2024-11-20T14:56:24.564Z"}}, {"model": "likes.like", "pk": 9, "fields": {"owner": 11, "post": 4, "created_at": "2024-11-21T08:35:05.422Z"}}, {"model": "likes.like", "pk": 11, "fields": {"owner": 10, "post": 9, "created_at": "2024-11-28T15:20:24.794Z"}}, {"model": "likes.like", "pk": 12, "fields": {"owner": 10, "post": 14, "created_at": "2024-12-04T12:23:15.022Z"}}, {"model": "likes.like", "pk": 13, "fields": {"owner": 14, "post": 14, "created_at": "2024-12-04T12:43:10.021Z"}}, {"model": "likes.like", "pk": 14, "fields": {"owner": 14, "post": 11, "created_at": "2024-12-04T12:43:20.786Z"}}, {"model": "likes.like", "pk": 15, "fields": {"owner": 14, "post": 2, "created_at": "2024-12-04T12:44:13.010Z"}}, {"model": "likes.like", "pk": 16, "fields": {"owner": 11, "post": 16, "created_at": "2024-12-05T09:18:58.758Z"}}, {"model": "likes.like", "pk": 17, "fields": {"owner": 11, "post": 5, "created_at": "2024-12-06T09:03:41.082Z"}}, {"model": "likes.like", "pk": 19, "fields": {"owner": 19, "post": 16, "created_at": "2024-12-11T10:46:30.782Z"}}, {"model": "likes.like", "pk": 20, "fields": {"owner": 19, "post": 2, "created_at": "2024-12-11T11:06:07.185Z"}}, {"model": "personalrecords.personalrecord", "pk": 1, "fields": {"owner": 11, "exercise": "Press", "weight": "56.00", "reps": 1, "date_achieved": "2024-11-25", "notes": "None"}}, {"model": "personalrecords.personalrecord", "pk": 2, "fields": {"owner": 11, "exercise": "Benchpress", "weight": "76.00", "reps": 1, "date_achieved": "2024-11-20", "notes": "Light today"}}, {"model": "personalrecords.personalrecord", "pk": 5, "fields": {"owner": 11, "exercise": "Frontsquat", "weight": "93.00", "reps": 1, "date_achieved": "2024-11-27", "notes": ""}}, {"model": "personalrecords.personalrecord", "pk": 7, "fields": {"owner": 12, "exercise": "newtest", "weight": "1.00", "reps": 1, "date_achieved": "2024-01-01", "notes": "testtest"}}, {"model": "personalrecords.personalrecord", "pk": 8, "fields": {"owner": 12, "exercise": "2", "weight": "2.00", "reps": 2, "date_achieved": "2024-01-01", "notes": "2"}}, {"model": "personalrecords.personalrecord", "pk": 9, "fields": {"owner": 10, "exercise": "Backsquat", "weight": "101.00", "reps": 1, "date_achieved": "2024-11-26", "notes": ""}}, {"model": "personalrecords.personalrecord", "pk": 10, "fields": {"owner": 11, "exercise": "Pullups", "weight": "0.00", "reps": 20, "date_achieved": "2024-11-18", "notes": ""}}, {"model": "personalrecords.personalrecord", "pk": 11, "fields": {"owner": 11, "exercise": "Backsquat", "weight": "120.00", "reps": 1, "date_achieved": "2024-11-20", "notes": ""}}, {"model": "personalrecords.personalrecord", "pk": 12, "fields": {"owner": 11, "exercise": "Deadlift", "weight": "150.00", "reps": 1, "date_achieved": "2024-11-12", "notes": ""}}, {"model": "personalrecords.personalrecord", "pk": 13, "fields": {"owner": 11, "exercise": "Snatch", "weight": "75.00", "reps": 1, "date_achieved": "2024-11-19", "notes": ""}}, {"model": "personalrecords.personalrecord", "pk": 14, "fields": {"owner": 11, "exercise": "Clean", "weight": "75.00", "reps": 1, "date_achieved": "2024-11-14", "notes": ""}}, {"model": "personalrecords.personalrecord", "pk": 15, "fields": {"owner": 11, "exercise": "Split Jerk", "weight": "75.00", "reps": 1, "date_achieved": "2024-11-22", "notes": ""}}, {"model": "personalrecords.personalrecord", "pk": 16, "fields": {"owner": 11, "exercise": "Sumo Deadlift", "weight": "160.00", "reps": 1, "date_achieved": "2024-11-22", "notes": ""}}, {"model": "personalrecords.personalrecord", "pk": 18, "fields": {"owner": 11, "exercise": "Floor Press", "weight": "55.00", "reps": 1, "date_achieved": "2024-11-15", "notes": ""}}, {"model": "personalrecords.personalrecord", "pk": 20, "fields": {"owner": 10, "exercise": "Benchpress", "weight": "75.00", "reps": 1, "date_achieved": "2024-11-29", "notes": ""}}, {"model": "personalrecords.personalrecord", "pk": 22, "fields": {"owner": 1, "exercise": "Frontsquat", "weight": "100.00", "reps": 1, "date_achieved": "2024-11-27", "notes": ""}}, {"model": "personalrecords.personalrecord", "pk": 23, "fields": {"owner": 1, "exercise": "Benchpress", "weight": "100.00", "reps": 1, "date_achieved": "2024-11-29", "notes": ""}}, {"model": "personalrecords.personalrecord", "pk": 24, "fields": {"owner": 15, "exercise": "Benchpress", "weight": "75.00", "reps": 1, "date_achieved": "2024-12-10", "notes": ""}}, {"model": "personalrecords.personalrecord", "pk": 25, "fields": {"owner": 19, "exercise": "test", "weight": "3.00", "reps": 4, "date_achieved": "1900-12-14", "notes": "test"}}, {"model": "personalrecords.personalrecord", "pk": 40, "fields": {"owner": 19, "exercise": "test again", "weight": "-8.00", "reps": 3, "date_achieved": "2090-02-23", "notes": "note"}}, {"model": "personalrecords.personalrecord", "pk": 41, "fields": {"owner": 15, "exercise": "Frontsquat", "weight": "55.00", "reps": 1, "date_achieved": "2024-12-10", "notes": ""}}, {"model": "personalrecords.personalrecord", "pk": 42, "fields": {"owner": 15, "exercise": "Deadlift", "weight": "150.00", "reps": 1, "date_achieved": "2024-11-30", "notes": ""}}, {"model": "personalrecords.personalrecord", "pk": 45, "fields": {"owner": 23, "exercise": "Backsquat", "weight": "102.00", "reps": 1, "date_achieved": "2024-11-28", "notes": ""}}, {"model": "posts.post", "pk": 2, "fields": {"owner": 10, "created_at": "2024-11-20T14:35:52.637Z", "updated_at": "2024-11-20T14:35:52.637Z", "title": "Kettebell mania", "content": "Just loves the new kettlebells!", "image": "media/images/11471665_bxvych", "image_filter": "normal"}}, {"model": "posts.post", "pk": 3, "fields": {"owner": 1, "created_at": "2024-11-20T14:52:12.971Z", "updated_at": "2024-11-20T14:52:12.971Z", "title": "Protein!!", "content": "Trying to get the best protein, fats and veggies in!", "image": "media/images/protein_huvaoq", "image_filter": "normal"}}, {"model": "posts.post", "pk": 4, "fields": {"owner": 1, "created_at": "2024-11-20T14:53:04.395Z", "updated_at": "2024-11-20T14:53:04.395Z", "title": "Evening Yoga", "content": "Love the golden hour", "image": "media/images/yoga_iqs6wu", "image_filter": "normal"}}, {"model": "posts.post", "pk": 5, "fields": {"owner": 1, "created_at": "2024-11-20T14:53:48.980Z", "updated_at": "2024-11-20T14:53:48.980Z", "title": "Sunshine running", "content": "Trying to get out there when the whether allows", "image": "media/images/running_x7dfkr", "image_filter": "normal"}}, {"model": "posts.post", "pk": 6, "fields": {"owner": 1, "created_at": "2024-11-20T14:54:26.840Z", "updated_at": "2024-11-20T14:54:26.840Z", "title": "Gym", "content": "Starting the day strong!", "image": "media/images/gym_txwlug", "image_filter": "normal"}}, {"model": "posts.post", "pk": 7, "fields": {"owner": 1, "created_at": "2024-11-20T14:55:10.928Z", "updated_at": "2024-11-20T14:55:10.928Z", "title": "Friday pump", "content": "You can never get enough of bicep curls.", "image": "media/images/bicep_wjbkaq", "image_filter": "normal"}}, {"model": "posts.post", "pk": 9, "fields": {"owner": 11, "created_at": "2024-11-21T08:31:39.702Z", "updated_at": "2024-11-21T08:31:39.702Z", "title": "Judges course", "content": "All reps must be good reps", "image": "media/images/rmu_hnoll9", "image_filter": "normal"}}, {"model": "posts.post", "pk": 11, "fields": {"owner": 11, "created_at": "2024-11-21T08:33:15.511Z", "updated_at": "2024-11-21T08:33:15.511Z", "title": "Clean & Jerk day", "content": "Sasha is really getting there!", "image": "media/images/oly_jjjadg", "image_filter": "normal"}}, {"model": "posts.post", "pk": 12, "fields": {"owner": 11, "created_at": "2024-11-21T08:34:23.244Z", "updated_at": "2024-11-21T08:34:23.244Z", "title": "Flying through the workout", "content": "Plyometrics has shown results!", "image": "media/images/fly_oxxy1x", "image_filter": "normal"}}, {"model": "posts.post", "pk": 13, "fields": {"owner": 11, "created_at": "2024-11-21T09:49:47.152Z", "updated_at": "2024-11-28T15:23:24.642Z", "title": "Determination!", "content": "Working hard in the box!", "image": "media/images/ropes_hihida", "image_filter": "normal"}}, {"model": "posts.post", "pk": 14, "fields": {"owner": 11, "created_at": "2024-12-04T10:06:31.759Z", "updated_at": "2024-12-04T10:06:31.759Z", "title": "Plank", "content": "5 minutes!", "image": "media/images/Screenshot_2024-12-04_11.06.11_lwwinp", "image_filter": "normal"}}, {"model": "posts.post", "pk": 15, "fields": {"owner": 14, "created_at": "2024-12-04T13:17:10.767Z", "updated_at": "2024-12-04T13:17:10.767Z", "title": "post workout", "content": "agent was very happy with my weight lost!", "image": "media/images/Screenshot_2024-12-03_at_17.36.44_kkry9h", "image_filter": "normal"}}, {"model": "posts.post", "pk": 16, "fields": {"owner": 1, "created_at": "2024-12-05T09:18:28.372Z", "updated_at": "2024-12-05T09:18:28.372Z", "title": "Pushup challange", "content": "Who joins me?\r\n2 Weeks pushup challenge!\r\nEvery day for 2 Weeks, as many reps as possible. Let's see what we can do!", "image": "media/images/pushup_oc1odg", "image_filter": "normal"}}, {"model": "posts.post", "pk": 21, "fields": {"owner": 13, "created_at": "2024-12-13T10:00:04.398Z", "updated_at": "2024-12-13T10:00:04.398Z", "title": "Test", "content": "", "image": "media/images/female_nowd3z", "image_filter": "normal"}}, {"model": "profiles.profile", "pk": 1, "fields": {"owner": 1, "created_at": "2024-11-14T14:40:45.039Z", "updated_at": "2024-12-05T08:57:16.464Z", "name": "Sarah Smith", "bio": "Master Athlete. Loves the community", "image": "media/images/lady_bug_ru1ixm", "crossfit_experience": "OG"}}, {"model": "profiles.profile", "pk": 2, "fields": {"owner": 2, "created_at": "2024-11-18T11:10:57.927Z", "updated_at": "2024-11-18T11:10:57.927Z", "name": "", "bio": "", "image": "../default_profile_abuqeh", "crossfit_experience": "Newbie"}}, {"model": "profiles.profile", "pk": 3, "fields": {"owner": 3, "created_at": "2024-11-18T11:21:11.828Z", "updated_at": "2024-11-18T11:21:11.828Z", "name": "", "bio": "", "image": "../default_profile_abuqeh", "crossfit_experience": "Newbie"}}, {"model": "profiles.profile", "pk": 4, "fields": {"owner": 4, "created_at": "2024-11-18T11:30:13.700Z", "updated_at": "2024-11-18T11:30:13.700Z", "name": "", "bio": "", "image": "../default_profile_abuqeh", "crossfit_experience": "Newbie"}}, {"model": "profiles.profile", "pk": 5, "fields": {"owner": 5, "created_at": "2024-11-18T12:46:53.553Z", "updated_at": "2024-11-18T12:46:53.553Z", "name": "", "bio": "", "image": "../default_profile_abuqeh", "crossfit_experience": "Newbie"}}, {"model": "profiles.profile", "pk": 6, "fields": {"owner": 6, "created_at": "2024-11-18T13:01:49.303Z", "updated_at": "2024-11-18T13:01:49.303Z", "name": "", "bio": "", "image": "../default_profile_abuqeh", "crossfit_experience": "Newbie"}}, {"model": "profiles.profile", "pk": 7, "fields": {"owner": 7, "created_at": "2024-11-18T13:30:29.506Z", "updated_at": "2024-11-18T13:30:29.506Z", "name": "", "bio": "", "image": "../default_profile_abuqeh", "crossfit_experience": "Newbie"}}, {"model": "profiles.profile", "pk": 8, "fields": {"owner": 8, "created_at": "2024-11-18T13:30:36.322Z", "updated_at": "2024-11-18T13:30:36.322Z", "name": "", "bio": "", "image": "../default_profile_abuqeh", "crossfit_experience": "Newbie"}}, {"model": "profiles.profile", "pk": 9, "fields": {"owner": 9, "created_at": "2024-11-18T13:32:05.898Z", "updated_at": "2024-11-18T13:32:05.898Z", "name": "", "bio": "", "image": "../default_profile_abuqeh", "crossfit_experience": "Newbie"}}, {"model": "profiles.profile", "pk": 10, "fields": {"owner": 10, "created_at": "2024-11-18T13:41:48.763Z", "updated_at": "2024-12-05T09:00:47.089Z", "name": "Tom Thomson", "bio": "Be humble, stay strong.", "image": "media/images/pop_ibizdp", "crossfit_experience": "3-5 years"}}, {"model": "profiles.profile", "pk": 11, "fields": {"owner": 11, "created_at": "2024-11-20T14:55:54.143Z", "updated_at": "2024-11-25T13:49:16.844Z", "name": "Bert Karlsson", "bio": "Walk slow, run fast! You snooze, you loose.", "image": "media/images/Screenshot_2024-11-25_09.47.25_s2v00c", "crossfit_experience": "1-3 years"}}, {"model": "profiles.profile", "pk": 12, "fields": {"owner": 12, "created_at": "2024-11-28T10:01:27.189Z", "updated_at": "2024-11-28T10:01:27.189Z", "name": "", "bio": "", "image": "../default_profile_abuqeh", "crossfit_experience": "Newbie"}}, {"model": "profiles.profile", "pk": 13, "fields": {"owner": 13, "created_at": "2024-12-02T13:53:45.361Z", "updated_at": "2024-12-02T13:53:45.362Z", "name": "", "bio": "", "image": "../default_profile_abuqeh", "crossfit_experience": "Newbie"}}, {"model": "profiles.profile", "pk": 14, "fields": {"owner": 14, "created_at": "2024-12-04T12:41:30.699Z", "updated_at": "2024-12-04T12:41:30.699Z", "name": "", "bio": "", "image": "../default_profile_abuqeh", "crossfit_experience": "Newbie"}}, {"model": "profiles.profile", "pk": 15, "fields": {"owner": 15, "created_at": "2024-12-05T09:03:05.238Z", "updated_at": "2024-12-13T08:19:26.662Z", "name": "Sally Jones", "bio": "Loves Olympic lifting - and cats!!!", "image": "media/images/catwoman_rpat3o", "crossfit_experience": "OG"}}, {"model": "profiles.profile", "pk": 16, "fields": {"owner": 16, "created_at": "2024-12-05T09:10:21.067Z", "updated_at": "2024-12-05T09:11:11.596Z", "name": "Peter Starborn", "bio": "Not as strong as I look...", "image": "media/images/hulk_mk7eue", "crossfit_experience": "Newbie"}}, {"model": "profiles.profile", "pk": 17, "fields": {"owner": 17, "created_at": "2024-12-11T08:05:25.373Z", "updated_at": "2024-12-11T08:05:25.373Z", "name": "", "bio": "", "image": "../default_profile_abuqeh", "crossfit_experience": "Newbie"}}, {"model": "profiles.profile", "pk": 18, "fields": {"owner": 18, "created_at": "2024-12-11T10:45:38.643Z", "updated_at": "2024-12-11T10:45:38.643Z", "name": "", "bio": "", "image": "../default_profile_abuqeh", "crossfit_experience": "Newbie"}}, {"model": "profiles.profile", "pk": 19, "fields": {"owner": 19, "created_at": "2024-12-11T10:46:07.592Z", "updated_at": "2024-12-11T10:59:26.074Z", "name": "TEST", "bio": "Just testing", "image": "media/images/Screenshot_2024-12-11_at_11.52.30_bio7bp", "crossfit_experience": "Newbie"}}, {"model": "profiles.profile", "pk": 20, "fields": {"owner": 20, "created_at": "2024-12-12T14:18:29.231Z", "updated_at": "2024-12-12T14:18:29.231Z", "name": "", "bio": "", "image": "../default_profile_abuqeh", "crossfit_experience": "Newbie"}}, {"model": "profiles.profile", "pk": 21, "fields": {"owner": 21, "created_at": "2024-12-12T14:30:09.950Z", "updated_at": "2024-12-12T14:30:09.950Z", "name": "", "bio": "", "image": "../default_profile_abuqeh", "crossfit_experience": "Newbie"}}, {"model": "profiles.profile", "pk": 22, "fields": {"owner": 22, "created_at": "2024-12-13T12:21:53.037Z", "updated_at": "2024-12-13T12:21:53.037Z", "name": "", "bio": "", "image": "../default_profile_abuqeh", "crossfit_experience": "Newbie"}}, {"model": "profiles.profile", "pk": 23, "fields": {"owner": 23, "created_at": "2024-12-13T12:23:29.161Z", "updated_at": "2024-12-13T12:23:29.161Z", "name": "", "bio": "", "image": "../default_profile_abuqeh", "crossfit_experience": "Newbie"}}]